Rk,Player,Pos,Squad,Age,Club,Born,MP,Starts,Min,90s,Gls,Ast,G+A,G-PK,PK,PKatt,CrdY,CrdR,Gls,Ast,G+A,G-PK,G+A-PK,Matches,-9999,Rk_misc,Pos_misc,Age_misc,Born_misc,90s_misc,CrdY_misc,CrdR_misc,2CrdY,Fls,Fld,Off,Crs,Int,TklW,PKwon,PKcon,OG,Matches_misc,-9999_misc,fouls_per_90,start_ratio,group
2,Thelo Aasgaard,MF,no Norway,24,1.sct Rangers,2002,1,1,90,1.0,1,0,1,1,0,0,0,0,1.00,0.00,1.00,1.00,1.00,Matches,c88a28b9,2,MF,24,2002,1.0,0,0,0,0,3,0,0,3,1,,,0,Matches,c88a28b9,0.0,1.0,Starter
6,Ali Abdi,DF,tn Tunisia,32,1.fr Nice,1993,3,3,269,3.0,0,0,0,0,0,0,0,0,0.00,0.00,0.00,0.00,0.00,Matches,ad7cdb35,6,DF,32,1993,3.0,0,0,0,4,1,0,4,4,8,,,0,Matches,ad7cdb35,1.3333333333333333,1.0,Starter
7,Saud Abdulhamid,DF,sa Saudi Arabia,26,1.fr Lens,1999,3,3,269,3.0,0,0,0,0,0,0,1,0,0.00,0.00,0.00,0.00,0.00,Matches,caa254e4,7,DF,26,1999,3.0,1,0,0,4,2,0,5,2,9,,,0,Matches,caa254e4,1.3333333333333333,1.0,Starter
8,Abdulla Abdullaev,DF,uz Uzbekistan,28,1.ae Dibba Al Fujairah,1997,2,2,180,2.0,0,0,0,0,0,0,0,0,0.00,0.00,0.00,0.00,0.00,Matches,03053fbf,8,DF,28,1997,2.0,0,0,0,5,1,0,0,3,2,,,0,Matches,03053fbf,2.5,1.0,Starter
9,Yusuf Abdurisag,FW,qa Qatar,26,1.qa Al-Wakrah,1999,2,2,98,1.1,0,0,0,0,0,0,0,0,0.00,0.00,0.00,0.00,0.00,Matches,13c8f40b,9,FW,26,1999,1.1,0,0,0,1,2,0,0,1,2,,,0,Matches,13c8f40b,0.9090909090909091,1.0,Starter
10,Husam Abu Dahab,DF,jo Jordan,26,1.kw Al-Salmiya SC,2000,2,2,178,2.0,0,0,0,0,0,0,1,0,0.00,0.00,0.00,0.00,0.00,Matches,300aaeb6,10,DF,26,2000,2.0,1,0,0,2,1,0,0,0,3,,,0,Matches,300aaeb6,1.0,1.0,Starter
12,Mohannad Abu Taha,DF,jo Jordan,23,1.iq Al-Quwa Al-Jawiya,2003,3,3,264,2.9,0,0,0,0,0,0,1,0,0.00,0.00,0.00,0.00,0.00,Matches,5c4bac6c,12,DF,23,2003,2.9,1,0,0,2,1,0,5,6,2,,,0,Matches,5c4bac6c,0.6896551724137931,1.0,Starter
14,Yazeed Abulaila,GK,jo Jordan,33,1.jo Al-Hussein SC,1993,3,3,270,3.0,0,0,0,0,0,0,0,0,0.00,0.00,0.00,0.00,0.00,Matches,5d11fc17,14,GK,33,1993,3.0,0,0,0,0,0,0,0,0,0,,,0,Matches,5d11fc17,0.0,1.0,Starter
15,Mahmoud Abunada,GK,qa Qatar,26,1.qa Al Rayyan SC,2000,3,3,270,3.0,0,0,0,0,0,0,1,0,0.00,0.00,0.00,0.00,0.00,Matches,27e7e545,15,GK,26,2000,3.0,1,0,0,1,1,0,0,0,0,,,1,Matches,27e7e545,0.3333333333333333,1.0,Starter
17,Ché Adams,FW,sct Scotland,29,1.it Torino,1996,3,2,145,1.6,0,0,0,0,0,0,0,0,0.00,0.00,0.00,0.00,0.00,Matches,f2bf1b0f,17,FW,29,1996,1.6,0,0,0,4,2,0,0,0,1,,,0,Matches,f2bf1b0f,2.5,0.6666666666666666,Starter
18,Jayden Adams,MF,za South Africa,25,1.za Sundowns,2001,3,2,116,1.3,0,0,0,0,0,0,0,0,0.00,0.00,0.00,0.00,0.00,Matches,259affab,18,MF,25,2001,1.3,0,0,0,0,0,0,0,2,0,,,0,Matches,259affab,0.0,0.6666666666666666,Starter
19,Tyler Adams,MF,us USA,27,1.eng Bournemouth,1999,4,4,341,3.8,0,0,0,0,0,0,1,0,0.00,0.00,0.00,0.00,0.00,Matches,2b09d998,19,MF,27,1999,3.8,1,0,0,5,6,0,0,8,5,,,0,Matches,2b09d998,1.3157894736842106,1.0,Starter
20,Ricardo Adé,DF,ht Haiti,36,1.ec LDU Quito,1990,3,3,270,3.0,0,0,0,0,0,0,0,0,0.00,0.00,0.00,0.00,0.00,Matches,a9ee5e81,20,DF,36,1990,3.0,0,0,0,6,4,0,1,5,2,,,0,Matches,a9ee5e81,2.0,1.0,Starter
23,Jonas Adjetey,DF,gh Ghana,22,1.de Wolfsburg,2003,3,3,225,2.5,0,0,0,0,0,0,0,0,0.00,0.00,0.00,0.00,0.00,Matches,bdbf78cd,23,DF,22,2003,2.5,0,0,0,1,0,0,0,1,3,,,0,Matches,bdbf78cd,0.4,1.0,Starter
24,Michel Aebischer,MFFW,ch Switzerland,29,1.it Pisa,1997,4,2,156,1.7,0,0,0,0,0,0,0,0,0.00,0.00,0.00,0.00,0.00,Matches,f9c927de,24,MFFW,29,1997,1.7,0,0,0,3,2,0,6,0,1,,,0,Matches,f9c927de,1.7647058823529411,0.5,Starter
25,Akram Afif,FWMF,qa Qatar,29,1.qa Al Sadd,1996,3,3,238,2.6,0,0,0,0,0,0,0,0,0.00,0.00,0.00,0.00,0.00,Matches,fd53d9e7,25,FWMF,29,1996,2.6,0,0,0,0,4,2,11,0,1,,,0,Matches,fd53d9e7,0.0,1.0,Starter
26,Emmanuel Agbadou,DF,ci Côte d'Ivoire,28,1.tr Beşiktaş,1997,3,3,270,3.0,0,0,0,0,0,0,0,0,0.00,0.00,0.00,0.00,0.00,Matches,75f1ed80,26,DF,28,1997,3.0,0,0,0,0,0,0,0,4,6,,,0,Matches,75f1ed80,0.0,1.0,Starter
28,Ali Ahmed,MF,ca Canada,25,2.eng Norwich City,2000,4,3,234,2.6,0,0,0,0,0,0,0,0,0.00,0.00,0.00,0.00,0.00,Matches,540a5be1,28,MF,25,2000,2.6,0,0,0,1,5,0,13,3,2,,,0,Matches,540a5be1,0.3846153846153846,0.75,Starter
29,Homam Ahmed,DF,qa Qatar,26,2.es Cultural Leonesa,1999,2,2,122,1.4,0,1,1,0,0,0,0,1,0.00,0.74,0.74,0.00,0.74,Matches,a62fa158,29,DF,26,1999,1.4,0,1,0,4,0,0,3,3,1,,,0,Matches,a62fa158,2.857142857142857,1.0,Starter
30,Rayan Aït-Nouri,DF,dz Algeria,25,1.eng Manchester City,2001,4,3,284,3.2,0,0,0,0,0,0,0,0,0.00,0.00,0.00,0.00,0.00,Matches,9b398aea,30,DF,25,2001,3.2,0,0,0,6,4,0,8,5,13,,,0,Matches,9b398aea,1.875,0.75,Starter
31,Kristoffer Ajer,DF,no Norway,28,1.eng Brentford,1998,5,5,480,5.3,0,0,0,0,0,0,1,0,0.00,0.00,0.00,0.00,0.00,Matches,a8c0acb7,31,DF,28,1998,5.3,1,0,0,2,1,0,1,4,8,,,0,Matches,a8c0acb7,0.37735849056603776,1.0,Starter
32,Manuel Akanji,DF,ch Switzerland,30,1.it Inter,1995,6,6,600,6.7,0,0,0,0,0,0,0,0,0.00,0.00,0.00,0.00,0.00,Matches,89ac64a6,32,DF,30,1995,6.7,0,0,0,4,4,0,0,6,9,,,0,Matches,89ac64a6,0.5970149253731343,1.0,Starter
33,Nathan Aké,DF,nl Netherlands,31,1.eng Manchester City,1995,3,2,170,1.9,0,0,0,0,0,0,0,0,0.00,0.00,0.00,0.00,0.00,Matches,eaeca114,33,DF,31,1995,1.9,0,0,0,2,2,0,1,4,0,,,0,Matches,eaeca114,1.0526315789473684,0.6666666666666666,Starter
34,Yunus Akgün,MF,tr Türkiye,25,1.tr Galatasaray,2000,2,1,88,1.0,0,0,0,0,0,0,1,0,0.00,0.00,0.00,0.00,0.00,Matches,1453e3cf,34,MF,25,2000,1.0,1,0,0,2,1,0,2,0,0,,,0,Matches,1453e3cf,2.0,0.5,Starter
36,Kerem Aktürkoğlu,FW,tr Türkiye,27,1.tr Fenerbahçe,1998,2,2,129,1.4,0,0,0,0,0,0,0,0,0.00,0.00,0.00,0.00,0.00,Matches,f28659fb,36,FW,27,1998,1.4,0,0,0,0,2,0,1,0,1,,,0,Matches,f28659fb,0.0,1.0,Starter
38,David Alaba,DF,at Austria,33,1.es Real Madrid,1992,4,4,275,3.1,0,1,1,0,0,0,0,0,0.00,0.33,0.33,0.00,0.33,Matches,05439de2,38,DF,33,1992,3.1,0,0,0,2,0,0,1,4,1,,,0,Matches,05439de2,0.6451612903225806,1.0,Starter
39,Kerim Alajbegović,MF,ba Bosnia–Herz,18,1.at RB Salzburg,2007,4,3,277,3.1,1,0,1,1,0,0,0,0,0.32,0.00,0.32,0.32,0.32,Matches,f3d9291e,39,MF,18,2007,3.1,0,0,0,4,6,1,15,2,0,,,0,Matches,f3d9291e,1.2903225806451613,0.75,Starter
41,Omar Alderete,DF,py Paraguay,29,1.eng Sunderland,1996,4,4,320,3.6,0,0,0,0,0,0,0,0,0.00,0.00,0.00,0.00,0.00,Matches,bb08bce9,41,DF,29,1996,3.6,0,0,0,2,3,0,0,2,0,,,0,Matches,bb08bce9,0.5555555555555556,1.0,Starter
43,Hussein Ali,DF,iq Iraq,24,1.pl Pogoń Szczecin,2002,2,2,162,1.8,0,0,0,0,0,0,0,0,0.00,0.00,0.00,0.00,0.00,Matches,b8a919ad,43,DF,24,2002,1.8,0,0,0,1,0,1,1,2,2,,,0,Matches,b8a919ad,0.5555555555555556,1.0,Starter
46,Khojiakbar Alijonov,MF,uz Uzbekistan,29,1.uz Pakhtakor Tashkent FK,1997,2,1,135,1.5,0,0,0,0,0,0,0,0,0.00,0.00,0.00,0.00,0.00,Matches,e53cbd7a,46,MF,29,1997,1.5,0,0,0,2,1,0,5,5,2,,,0,Matches,e53cbd7a,1.3333333333333333,0.5,Starter
48,Alisson,GK,br Brazil,33,1.eng Liverpool,1992,5,5,450,5.0,0,0,0,0,0,0,0,0,0.00,0.00,0.00,0.00,0.00,Matches,7a2e46a8,48,GK,33,1992,5.0,0,0,0,0,0,0,0,0,0,,,0,Matches,7a2e46a8,0.0,1.0,Starter
49,Thiago Almada,MF,ar Argentina,25,1.es Atlético Madrid,2001,5,3,241,2.7,0,0,0,0,0,0,1,0,0.00,0.00,0.00,0.00,0.00,Matches,27f33438,49,MF,25,2001,2.7,1,0,0,2,2,2,1,0,4,,,0,Matches,27f33438,0.7407407407407407,0.6,Starter
50,Miguel Almirón,MFFW,py Paraguay,32,1.us Atlanta Utd,1994,4,4,282,3.1,0,0,0,0,0,0,1,1,0.00,0.00,0.00,0.00,0.00,Matches,862a1c15,50,MFFW,32,1994,3.1,1,1,0,2,7,0,4,3,7,,,0,Matches,862a1c15,0.6451612903225806,1.0,Starter
51,Júnior Alonso,DF,py Paraguay,33,1.br Atlético Mineiro,1993,5,4,390,4.3,0,0,0,0,0,0,1,0,0.00,0.00,0.00,0.00,0.00,Matches,b18a3023,51,DF,33,1993,4.3,1,0,0,3,3,1,2,4,9,,,0,Matches,b18a3023,0.6976744186046512,0.8,Starter
52,Barış Alper Yılmaz,MFFW,tr Türkiye,26,1.tr Galatasaray,2000,3,2,179,2.0,1,1,2,1,0,0,0,0,0.50,0.50,1.01,0.50,1.01,Matches,414b2ce4,52,MFFW,26,2000,2.0,0,0,0,4,1,2,15,0,0,,,0,Matches,414b2ce4,2.0,0.6666666666666666,Starter
53,Roberto Alvarado,FWMF,mx Mexico,27,1.mx Guadalajara,1998,5,5,428,4.8,0,3,3,0,0,0,0,0,0.00,0.63,0.63,0.00,0.63,Matches,ff871e14,53,FWMF,27,1998,4.8,0,0,0,3,5,1,36,2,3,,,0,Matches,ff871e14,0.625,1.0,Starter
54,Edson Álvarez,MFDF,mx Mexico,28,1.eng West Ham,1997,4,2,240,2.7,0,0,0,0,0,0,1,0,0.00,0.00,0.00,0.00,0.00,Matches,8b3ab7ad,54,MFDF,28,1997,2.7,1,0,0,5,2,0,1,3,6,,,0,Matches,8b3ab7ad,1.8518518518518516,0.5,Starter
55,Julián Álvarez,FW,ar Argentina,26,1.es Atlético Madrid,2000,8,5,602,6.7,1,0,1,1,0,0,0,0,0.15,0.00,0.15,0.15,0.15,Matches,15ab5a2b,55,FW,26,2000,6.7,0,0,0,11,4,2,2,3,4,,,0,Matches,15ab5a2b,1.6417910447761193,0.625,Starter
58,Michael Amir Murillo,DFMF,pa Panama,30,1.tr Beşiktaş,1996,3,3,270,3.0,0,0,0,0,0,0,0,0,0.00,0.00,0.00,0.00,0.00,Matches,349cae8f,58,DFMF,30,1996,3.0,0,0,0,1,7,1,8,1,3,,,0,Matches,349cae8f,0.3333333333333333,1.0,Starter
60,Amir Al Ammari,MF,iq Iraq,28,1.pl Cracovia,1997,3,3,247,2.7,0,1,1,0,0,0,2,0,0.00,0.36,0.36,0.00,0.36,Matches,9f65be73,60,MF,28,1997,2.7,2,0,0,3,0,0,8,2,1,,,0,Matches,9f65be73,1.111111111111111,1.0,Starter
63,Sofyan Amrabat,MF,ma Morocco,29,1.es Real Betis,1996,3,1,147,1.6,0,0,0,0,0,0,0,0,0.00,0.00,0.00,0.00,0.00,Matches,5a2cb25d,63,MF,29,1996,1.6,0,0,0,4,2,0,0,2,1,,,0,Matches,5a2cb25d,2.5,0.3333333333333333,Non-Starter
64,Abdulelah Al-Amri,DF,sa Saudi Arabia,29,,1997,3,3,239,2.7,1,0,1,1,0,0,1,0,0.38,0.00,0.38,0.38,0.38,Matches,fd0affe3,64,DF,29,1997,2.7,1,0,0,1,0,0,1,4,2,,,0,Matches,fd0affe3,0.37037037037037035,1.0,Starter
66,Elliot Anderson,MF,eng England,23,1.eng Nottingham,2002,8,7,632,7.0,0,1,1,0,0,0,1,0,0.00,0.14,0.14,0.00,0.14,Matches,de31038e,66,MF,23,2002,7.0,1,0,0,9,13,0,8,8,18,,,0,Matches,de31038e,1.2857142857142858,0.875,Starter
67,Andrés Andrade Cedeño,DF,pa Panama,27,1.at LASK,1998,3,3,270,3.0,0,0,0,0,0,0,1,0,0.00,0.00,0.00,0.00,0.00,Matches,6ea23758,67,DF,27,1998,3.0,1,0,0,4,0,0,8,3,3,,,0,Matches,6ea23758,1.3333333333333333,1.0,Starter
69,Nilson Angulo,MF,ec Ecuador,22,1.eng Sunderland,2003,4,2,218,2.4,1,0,1,1,0,0,0,0,0.41,0.00,0.41,0.41,0.41,Matches,a9b9d89c,69,MF,22,2003,2.4,0,0,0,4,3,0,5,2,1,,,0,Matches,a9b9d89c,1.6666666666666667,0.5,Starter
72,Houssem Aouar,MF,dz Algeria,27,1.sa Al-Ittihad,1998,3,2,173,1.9,0,2,2,0,0,0,0,0,0.00,1.04,1.04,0.00,1.04,Matches,a5db0bec,72,MF,27,1998,1.9,0,0,0,1,2,0,0,0,1,,,0,Matches,a5db0bec,0.5263157894736842,0.6666666666666666,Starter
73,Oswin Appollis,MFFW,za South Africa,24,1.za Orlando Pirates,2001,4,3,255,2.8,0,0,0,0,0,0,0,0,0.00,0.00,0.00,0.00,0.00,Matches,e8933eb0,73,MFFW,24,2001,2.8,0,0,0,1,2,0,8,1,3,,,0,Matches,e8933eb0,0.35714285714285715,0.75,Starter
74,Yazan Al-Arab,DF,jo Jordan,30,1.kr FC Seoul,1996,3,3,270,3.0,0,0,0,0,0,0,1,0,0.00,0.00,0.00,0.00,0.00,Matches,32878a09,74,DF,30,1996,3.0,1,0,0,4,0,0,0,11,1,,,1,Matches,32878a09,1.3333333333333333,1.0,Starter
75,Maxi Araújo,FWMF,uy Uruguay,26,1.pt Sporting CP,2000,3,3,250,2.8,2,1,3,2,0,0,0,0,0.72,0.36,1.08,0.72,1.08,Matches,f9ab3f4a,75,FWMF,26,2000,2.8,0,0,0,2,7,6,18,0,0,,,0,Matches,f9ab3f4a,0.7142857142857143,1.0,Starter
76,Tomás Araújo,DF,pt Portugal,24,1.pt Benfica,2002,1,1,90,1.0,0,0,0,0,0,0,1,0,0.00,0.00,0.00,0.00,0.00,Matches,0fa11d7d,76,DF,24,2002,1.0,1,0,0,1,0,0,0,1,0,,,0,Matches,0fa11d7d,1.0,1.0,Starter
79,Carlens Arcus,MFDF,ht Haiti,29,1.fr Angers,1996,3,2,146,1.6,0,0,0,0,0,0,1,0,0.00,0.00,0.00,0.00,0.00,Matches,5e837126,79,MFDF,29,1996,1.6,1,0,0,5,3,2,2,3,3,,,0,Matches,5e837126,3.125,0.6666666666666666,Starter
81,Jhon Arias,MF,co Colombia,28,1.br Palmeiras,1997,5,5,377,4.2,1,0,1,1,0,0,1,0,0.24,0.00,0.24,0.24,0.24,Matches,86d96066,81,MF,28,1997,4.2,1,0,0,5,2,0,5,2,9,,,0,Matches,86d96066,1.1904761904761905,1.0,Starter
82,Santiago Arias,DF,co Colombia,34,1.ar Independiente,1992,1,1,86,1.0,0,0,0,0,0,0,0,0,0.00,0.00,0.00,0.00,0.00,Matches,fdd60087,82,DF,34,1992,1.0,0,0,0,1,0,0,2,1,2,,,0,Matches,fdd60087,1.0,1.0,Starter
83,Marko Arnautović,FW,at Austria,37,1.rs Red Star,1989,4,1,144,1.6,2,0,2,1,1,1,1,0,1.25,0.00,1.25,0.62,0.62,Matches,00459419,83,FW,37,1989,1.6,1,0,0,3,1,5,0,0,0,,,0,Matches,00459419,1.875,0.25,Non-Starter
84,Benjamin Asare,GK,gh Ghana,33,1.gh Accra Hearts of Oak,1992,3,2,225,2.5,0,0,0,0,0,0,0,0,0.00,0.00,0.00,0.00,0.00,Matches,4bb65492,84,GK,33,1992,2.5,0,0,0,0,1,0,0,0,0,,,0,Matches,4bb65492,0.0,0.6666666666666666,Starter
85,Emam Ashour,MF,eg Egypt,28,1.eg Al Ahly,1998,5,5,362,4.0,2,0,2,2,0,0,0,0,0.50,0.00,0.50,0.50,0.50,Matches,31b7d437,85,MF,28,1998,4.0,0,0,0,2,13,0,4,4,2,,,0,Matches,31b7d437,0.5,1.0,Starter
86,Rustam Ashurmatov,DF,uz Uzbekistan,29,1.ir Esteghlal,1996,3,3,256,2.8,0,0,0,0,0,0,0,0,0.00,0.00,0.00,0.00,0.00,Matches,a0ecd397,86,DF,29,1996,2.8,0,0,0,1,0,0,0,7,2,,,0,Matches,a0ecd397,0.35714285714285715,1.0,Starter
87,Lawrence Ati-Zigi,GK,gh Ghana,29,1.ch St. Gallen,1996,2,2,135,1.5,0,0,0,0,0,0,0,0,0.00,0.00,0.00,0.00,0.00,Matches,a12402c3,87,GK,29,1996,1.5,0,0,0,0,1,0,0,0,0,,,0,Matches,a12402c3,0.0,1.0,Starter
88,Marwan Attia,MF,eg Egypt,27,1.eg Al Ahly,1998,5,4,434,4.8,0,1,1,0,0,0,2,0,0.00,0.21,0.21,0.00,0.21,Matches,1ea3d7ec,88,MF,27,1998,4.8,2,0,0,8,1,0,11,3,3,,,0,Matches,1ea3d7ec,1.6666666666666667,0.8,Starter
89,Fredrik Aursnes,MFDF,no Norway,30,1.pt Benfica,1995,6,3,304,3.4,0,0,0,0,0,0,0,0,0.00,0.00,0.00,0.00,0.00,Matches,f0677ed7,89,MFDF,30,1995,3.4,0,0,0,5,3,0,5,1,8,,,0,Matches,f0677ed7,1.4705882352941178,0.5,Starter
90,Gabriel Ávalos,FW,py Paraguay,35,1.ar Independiente,1990,4,2,141,1.6,0,0,0,0,0,0,0,0,0.00,0.00,0.00,0.00,0.00,Matches,b6781b67,90,FW,35,1990,1.6,0,0,0,1,2,0,0,0,2,,,0,Matches,b6781b67,0.625,0.5,Starter
91,Yasin Ayari,MF,se Sweden,22,1.eng Brighton,2003,4,4,339,3.8,2,0,2,2,0,0,1,0,0.53,0.00,0.53,0.53,0.53,Matches,f173303a,91,MF,22,2003,3.8,1,0,0,4,8,0,19,3,4,,,0,Matches,f173303a,1.0526315789473684,1.0,Starter
92,Oğuz Aydın,DF,tr Türkiye,25,1.tr Fenerbahçe,2000,1,1,89,1.0,0,0,0,0,0,0,0,0,0.00,0.00,0.00,0.00,0.00,Matches,a7b98226,92,DF,25,2000,1.0,0,0,0,0,2,0,3,0,6,,,0,Matches,a7b98226,0.0,1.0,Starter
93,Jordan Ayew,FW,gh Ghana,34,2.eng Leicester City,1991,4,4,300,3.3,0,0,0,0,0,0,0,0,0.00,0.00,0.00,0.00,0.00,Matches,da052c14,93,FW,34,1991,3.3,0,0,0,7,7,1,10,1,3,,,0,Matches,da052c14,2.121212121212121,1.0,Starter
95,Neil El Aynaoui,MF,ma Morocco,24,1.it Roma,2001,6,6,562,6.2,0,0,0,0,0,0,0,0,0.00,0.00,0.00,0.00,0.00,Matches,17e1261b,95,MF,24,2001,6.2,0,0,0,15,7,0,0,8,9,,,0,Matches,17e1261b,2.4193548387096775,1.0,Starter
97,Juninho Bacuna,MF,cw Curaçao,28,1.nl Volendam,1997,3,3,254,2.8,0,0,0,0,0,0,2,0,0.00,0.00,0.00,0.00,0.00,Matches,aaf1bf05,97,MF,28,1997,2.8,2,0,0,6,3,0,5,5,4,,,0,Matches,aaf1bf05,2.142857142857143,1.0,Starter
98,Leandro Bacuna,MF,cw Curaçao,34,2.tr 76 Iğdır Belediyespor,1991,3,3,270,3.0,0,0,0,0,0,0,1,0,0.00,0.00,0.00,0.00,0.00,Matches,9dc69d38,98,MF,34,1991,3.0,1,0,0,3,3,0,4,0,3,,,0,Matches,9dc69d38,1.0,1.0,Starter
99,Álex Baena,MFFW,es Spain,24,1.es Atlético Madrid,2001,7,7,481,5.3,1,1,2,1,0,0,1,0,0.19,0.19,0.37,0.19,0.37,Matches,518f2234,99,MFFW,24,2001,5.3,1,0,0,13,7,2,41,2,5,,,0,Matches,518f2234,2.452830188679245,1.0,Starter
100,Esmir Bajraktarevic,MF,ba Bosnia–Herz,21,1.nl PSV,2005,4,2,230,2.6,0,0,0,0,0,0,0,0,0.00,0.00,0.00,0.00,0.00,Matches,dff24174,100,MF,21,2005,2.6,0,0,0,1,2,0,8,3,0,,,0,Matches,dff24174,0.3846153846153846,0.5,Starter
101,Cédric Bakambu,FW,cd Congo DR,35,1.es Real Betis,1991,3,3,190,2.1,0,0,0,0,0,0,0,0,0.00,0.00,0.00,0.00,0.00,Matches,0af4dcf0,101,FW,35,1991,2.1,0,0,0,2,1,4,1,0,0,,,0,Matches,0af4dcf0,0.9523809523809523,1.0,Starter
103,Folarin Balogun,FW,us USA,24,1.fr Monaco,2001,4,4,312,3.5,3,0,3,3,0,0,1,1,0.87,0.00,0.87,0.87,0.87,Matches,31822f8c,103,FW,24,2001,3.5,1,1,0,3,8,3,0,1,0,,,0,Matches,31822f8c,0.8571428571428571,1.0,Starter
105,Yoel Bárcenas,MF,pa Panama,32,1.mx Mazatlán,1993,3,3,249,2.8,0,0,0,0,0,0,1,0,0.00,0.00,0.00,0.00,0.00,Matches,b39849eb,105,MF,32,1993,2.8,1,0,0,3,3,0,7,2,0,,,0,Matches,b39849eb,1.0714285714285714,1.0,Starter
107,Bradley Barcola,MF,fr France,23,1.fr PSG,2002,8,4,384,4.3,3,1,4,3,0,0,1,0,0.70,0.23,0.94,0.70,0.94,Matches,a0d55a09,107,MF,23,2002,4.3,1,0,0,5,1,1,3,1,4,,,0,Matches,a0d55a09,1.1627906976744187,0.5,Starter
108,Abdülkerim Bardakcı,DF,tr Türkiye,31,1.tr Galatasaray,1994,3,3,265,2.9,0,0,0,0,0,0,0,0,0.00,0.00,0.00,0.00,0.00,Matches,5d9cff53,108,DF,31,1994,2.9,0,0,0,1,3,0,7,2,5,,,0,Matches,5d9cff53,0.3448275862068966,1.0,Starter
109,Ivan Bašić,MF,ba Bosnia–Herz,24,1.kz FC Astana,2002,3,2,179,2.0,0,1,1,0,0,0,0,0,0.00,0.50,0.50,0.00,0.50,Matches,9b0a0d51,109,MF,24,2002,2.0,0,0,0,2,3,0,12,3,1,,,0,Matches,9b0a0d51,1.0,0.6666666666666666,Starter
110,Ahmed Basil,GK,iq Iraq,29,1.iq Al-Shorta,1996,2,2,135,1.5,0,0,0,0,0,0,0,0,0.00,0.00,0.00,0.00,0.00,Matches,3bf9e631,110,GK,29,1996,1.5,0,0,0,0,1,0,0,0,0,,,0,Matches,3bf9e631,0.0,1.0,Starter
111,Martin Baturina,MFFW,hr Croatia,23,1.it Como,2003,4,4,321,3.6,1,0,1,1,0,0,0,0,0.28,0.00,0.28,0.28,0.28,Matches,d1eda5f0,111,MFFW,23,2003,3.6,0,0,0,1,14,0,8,1,2,,,0,Matches,d1eda5f0,0.2777777777777778,1.0,Starter
112,Ibrahim Bayesh,MFFW,iq Iraq,26,1.ae Al Dhafra SCC,2000,3,3,235,2.6,0,0,0,0,0,0,0,0,0.00,0.00,0.00,0.00,0.00,Matches,2f2003ba,112,MFFW,26,2000,2.6,0,0,0,3,5,0,4,1,4,,,0,Matches,2f2003ba,1.1538461538461537,1.0,Starter
114,Riechedly Bazoer,DF,cw Curaçao,29,1.tr Konyaspor,1996,1,1,90,1.0,0,0,0,0,0,0,0,0,0.00,0.00,0.00,0.00,0.00,Matches,da59a197,114,DF,29,1996,1.0,0,0,0,2,0,0,0,1,1,,,0,Matches,da59a197,2.0,1.0,Starter
115,Patrick Beach,GK,au Australia,22,1.au Melb City,2003,4,4,388,4.3,0,0,0,0,0,0,0,0,0.00,0.00,0.00,0.00,0.00,Matches,3cc64624,115,GK,22,2003,4.3,0,0,0,0,0,0,0,0,0,,,0,Matches,3cc64624,0.0,1.0,Starter
116,Aziz Behich,MF,au Australia,35,1.au Melb City,1990,3,2,217,2.4,0,0,0,0,0,0,0,0,0.00,0.00,0.00,0.00,0.00,Matches,b6867b96,116,MF,35,1990,2.4,0,0,0,1,4,0,6,1,4,,,0,Matches,b6867b96,0.4166666666666667,0.6666666666666666,Starter
118,Alireza Beiranvand,GK,ir IR Iran,33,1.ir Tractor,1992,3,3,270,3.0,0,0,0,0,0,0,0,0,0.00,0.00,0.00,0.00,0.00,Matches,6ca0b04a,118,GK,33,1992,3.0,0,0,0,0,1,0,0,0,0,,,0,Matches,6ca0b04a,0.0,1.0,Starter
120,Rafik Belghali,DF,dz Algeria,24,1.it Hellas Verona,2002,4,4,331,3.7,1,0,1,1,0,0,0,0,0.27,0.00,0.27,0.27,0.27,Matches,0abcb968,120,DF,24,2002,3.7,0,0,0,4,2,0,4,1,3,,,0,Matches,0abcb968,1.081081081081081,1.0,Starter
121,Joe Bell,MF,nz New Zealand,27,1.no Viking,1999,3,3,243,2.7,0,0,0,0,0,0,0,0,0.00,0.00,0.00,0.00,0.00,Matches,7825847e,121,MF,27,1999,2.7,0,0,0,3,0,0,0,4,2,,,0,Matches,7825847e,1.111111111111111,1.0,Starter
122,Jean-Ricner Bellegarde,MF,ht Haiti,27,1.eng Wolves,1998,3,3,260,2.9,0,0,0,0,0,0,1,0,0.00,0.00,0.00,0.00,0.00,Matches,10f0fdd3,122,MF,27,1998,2.9,1,0,0,4,5,0,10,3,2,,,0,Matches,10f0fdd3,1.3793103448275863,1.0,Starter
123,Jude Bellingham,MF,eng England,22,1.es Real Madrid,2003,8,7,614,6.8,7,1,8,7,0,0,1,0,1.03,0.15,1.17,1.03,1.17,Matches,57d88cf9,123,MF,22,2003,6.8,1,0,0,9,17,1,8,3,10,,,0,Matches,57d88cf9,1.3235294117647058,0.875,Starter
125,Anis Ben Slimane,MFFW,tn Tunisia,25,2.eng Norwich City,2001,3,3,240,2.7,0,0,0,0,0,0,0,0,0.00,0.00,0.00,0.00,0.00,Matches,9ade9ce1,125,MFFW,25,2001,2.7,0,0,0,0,0,2,6,2,2,,,0,Matches,9ade9ce1,0.0,1.0,Starter
126,Oussama Benbot,GK,dz Algeria,31,1.dz USM Alger,1994,1,1,90,1.0,0,0,0,0,0,0,0,0,0.00,0.00,0.00,0.00,0.00,Matches,dcae580c,126,GK,31,1994,1.0,0,0,0,0,1,0,0,0,0,,,0,Matches,dcae580c,0.0,1.0,Starter
129,Ramy Bensebaini,DF,dz Algeria,31,1.de Dortmund,1995,4,4,360,4.0,0,0,0,0,0,0,0,0,0.00,0.00,0.00,0.00,0.00,Matches,378825c7,129,DF,31,1995,4.0,0,0,0,1,5,0,0,7,6,,,0,Matches,378825c7,0.25,1.0,Starter
130,Nabil Bentaleb,MF,dz Algeria,31,1.fr Lille,1994,4,3,285,3.2,0,0,0,0,0,0,0,0,0.00,0.00,0.00,0.00,0.00,Matches,3189f61a,130,MF,31,1994,3.2,0,0,0,2,3,0,3,3,4,,,0,Matches,3189f61a,0.625,0.75,Starter
131,Rodrigo Bentancur,MF,uy Uruguay,28,1.eng Tottenham,1997,3,3,270,3.0,0,0,0,0,0,0,1,0,0.00,0.00,0.00,0.00,0.00,Matches,3b8674e6,131,MF,28,1997,3.0,1,0,0,7,5,0,4,7,5,,,0,Matches,3b8674e6,2.3333333333333335,1.0,Starter
132,Patrick Berg,MF,no Norway,28,1.no Bodø/Glimt,1997,6,4,445,4.9,0,2,2,0,0,0,1,0,0.00,0.40,0.40,0.00,0.40,Matches,e4114f5d,132,MF,28,1997,4.9,1,0,0,4,2,0,11,2,7,,,0,Matches,e4114f5d,0.8163265306122448,0.6666666666666666,Starter
133,Sander Berge,MF,no Norway,28,1.eng Fulham,1998,5,5,480,5.3,0,0,0,0,0,0,0,0,0.00,0.00,0.00,0.00,0.00,Matches,d0b6129f,133,MF,28,1998,5.3,0,0,0,6,2,0,1,9,4,,,0,Matches,d0b6129f,1.1320754716981132,1.0,Starter
134,Lucas Bergvall,MF,se Sweden,20,1.eng Tottenham,2006,4,1,181,2.0,0,1,1,0,0,0,1,0,0.00,0.50,0.50,0.00,0.50,Matches,a109e5c8,134,MF,20,2006,2.0,1,0,0,7,4,0,3,2,2,,,0,Matches,a109e5c8,3.5,0.25,Non-Starter
135,Sebastian Berhalter,MF,us USA,25,1.us Vancouver,2001,5,1,187,2.1,1,1,2,1,0,0,1,0,0.48,0.48,0.96,0.48,0.96,Matches,f33ee427,135,MF,25,2001,2.1,1,0,0,5,6,0,11,3,0,,,0,Matches,f33ee427,2.380952380952381,0.2,Non-Starter
136,Alexander Bernhardsson,MF,se Sweden,27,2.de Holstein Kiel,1998,3,3,217,2.4,0,0,0,0,0,0,0,0,0.00,0.00,0.00,0.00,0.00,Matches,dea1d183,136,MF,27,1998,2.4,0,0,0,2,4,0,3,2,2,,,0,Matches,dea1d183,0.8333333333333334,1.0,Starter
137,Tyler Bindon,DF,nz New Zealand,21,2.eng Sheffield United,2005,3,1,97,1.1,0,0,0,0,0,0,0,0,0.00,0.00,0.00,0.00,0.00,Matches,3575e5eb,137,DF,21,2005,1.1,0,0,0,2,1,0,2,1,2,,,0,Matches,3575e5eb,1.8181818181818181,0.3333333333333333,Non-Starter
138,César Blackman,MFDF,pa Panama,28,1.sk Slovan Bratislava,1998,2,2,178,2.0,0,0,0,0,0,0,1,0,0.00,0.00,0.00,0.00,0.00,Matches,c2b11050,138,MFDF,28,1998,2.0,1,0,0,2,2,1,0,1,0,,,0,Matches,c2b11050,1.0,1.0,Starter
139,Damián Bobadilla,MF,py Paraguay,24,1.br São Paulo,2001,4,2,189,2.1,0,0,0,0,0,0,0,0,0.00,0.00,0.00,0.00,0.00,Matches,ad7d6437,139,MF,24,2001,2.1,0,0,0,1,1,0,1,5,3,,,1,Matches,ad7d6437,0.47619047619047616,0.5,Starter
140,Oscar Bobb,FW,no Norway,22,1.eng Fulham,2003,6,1,225,2.5,0,0,0,0,0,0,0,0,0.00,0.00,0.00,0.00,0.00,Matches,eed2427e,140,FW,22,2003,2.5,0,0,0,1,4,0,2,3,3,,,0,Matches,eed2427e,0.4,0.16666666666666666,Non-Starter
141,Moïse Bombito,DF,ca Canada,26,1.fr Nice,2000,3,2,193,2.1,0,0,0,0,0,0,0,0,0.00,0.00,0.00,0.00,0.00,Matches,c2f23fc8,141,DF,26,2000,2.1,0,0,0,2,0,0,0,1,0,,,0,Matches,c2f23fc8,0.9523809523809523,0.6666666666666666,Starter
143,Ange-Yoan Bonny,FW,ci Côte d'Ivoire,22,1.it Inter,2003,4,3,234,2.6,0,0,0,0,0,0,0,0,0.00,0.00,0.00,0.00,0.00,Matches,64629ba4,143,FW,22,2003,2.6,0,0,0,1,3,1,1,1,2,,,0,Matches,64629ba4,0.3846153846153846,0.75,Starter
144,Jordy Bos,MFDF,au Australia,23,1.nl Feyenoord,2002,4,4,308,3.4,0,0,0,0,0,0,1,0,0.00,0.00,0.00,0.00,0.00,Matches,8070a9fd,144,MFDF,23,2002,3.4,1,0,0,4,4,0,8,3,3,,,0,Matches,8070a9fd,1.1764705882352942,1.0,Starter
145,Ayyoub Bouaddi,MF,ma Morocco,18,1.fr Lille,2007,5,5,381,4.2,0,0,0,0,0,0,0,0,0.00,0.00,0.00,0.00,0.00,Matches,8006228f,145,MF,18,2007,4.2,0,0,0,3,6,0,0,1,3,,,0,Matches,8006228f,0.7142857142857143,1.0,Starter
146,Hicham Boudaoui,MF,dz Algeria,26,1.fr Nice,1999,3,2,128,1.4,0,0,0,0,0,0,1,0,0.00,0.00,0.00,0.00,0.00,Matches,f9d5908e,146,MF,26,1999,1.4,1,0,0,4,1,0,1,2,1,,,0,Matches,f9d5908e,2.857142857142857,0.6666666666666666,Starter
147,Karim Boudiaf,MF,qa Qatar,35,1.qa Al Duhail SC,1990,2,1,102,1.1,0,0,0,0,0,0,0,0,0.00,0.00,0.00,0.00,0.00,Matches,a38f33fd,147,MF,35,1990,1.1,0,0,0,0,2,0,0,0,0,,,0,Matches,a38f33fd,0.0,0.5,Starter
149,Yassine Bounou,GK,ma Morocco,35,1.sa Al-Hilal,1991,6,6,570,6.3,0,0,0,0,0,0,0,0,0.00,0.00,0.00,0.00,0.00,Matches,f6798fc3,149,GK,35,1991,6.3,0,0,0,0,4,0,0,0,0,,,1,Matches,f6798fc3,0.0,1.0,Starter
150,Nawaf Boushal,DF,sa Saudi Arabia,26,1.sa Al-Nassr,1999,2,1,91,1.0,0,0,0,0,0,0,0,0,0.00,0.00,0.00,0.00,0.00,Matches,7dc1c2c6,150,DF,26,1999,1.0,0,0,0,1,1,0,0,1,0,,,0,Matches,7dc1c2c6,1.0,0.5,Starter
151,Michael Boxall,DF,nz New Zealand,37,1.us Minnesota Utd,1988,3,2,207,2.3,0,0,0,0,0,0,0,0,0.00,0.00,0.00,0.00,0.00,Matches,6bfa0d3a,151,DF,37,1988,2.3,0,0,0,2,2,0,1,2,1,,,0,Matches,6bfa0d3a,0.8695652173913044,0.6666666666666666,Starter
152,Sultan Al-Brake,DF,qa Qatar,30,1.qa Al Duhail SC,1996,2,1,141,1.6,0,0,0,0,0,0,0,0,0.00,0.00,0.00,0.00,0.00,Matches,fcaa2400,152,DF,30,1996,1.6,0,0,0,2,0,0,5,2,1,,,0,Matches,fcaa2400,1.25,0.5,Starter
153,Joshua Brenet,DF,cw Curaçao,32,1.tr Kayserispor,1994,2,2,179,2.0,0,0,0,0,0,0,0,0,0.00,0.00,0.00,0.00,0.00,Matches,2b5527c4,153,DF,32,1994,2.0,0,0,0,0,1,1,0,1,4,,,0,Matches,2b5527c4,0.0,1.0,Starter
154,Brian Brobbey,FW,nl Netherlands,24,1.eng Sunderland,2002,4,3,223,2.5,3,0,3,3,0,0,0,0,1.21,0.00,1.21,1.21,1.21,Matches,4c184730,154,FW,24,2002,2.5,0,0,0,4,3,2,1,0,1,,,0,Matches,4c184730,1.6,0.75,Starter
156,Nathaniel Brown,DF,de Germany,22,1.de Frankfurt,2003,3,3,282,3.1,1,1,2,1,0,0,0,0,0.32,0.32,0.64,0.32,0.64,Matches,abc79c47,156,DF,22,2003,3.1,0,0,0,4,1,0,17,2,6,,,0,Matches,abc79c47,1.2903225806451613,1.0,Starter
157,Tajon Buchanan,MF,ca Canada,27,1.es Villarreal,1999,5,5,376,4.2,0,0,0,0,0,0,0,0,0.00,0.00,0.00,0.00,0.00,Matches,3aca6420,157,MF,27,1999,4.2,0,0,0,5,8,2,16,1,5,,,0,Matches,3aca6420,1.1904761904761905,1.0,Starter
158,Ante Budimir,FW,hr Croatia,34,1.es Osasuna,1991,3,2,155,1.7,1,0,1,1,0,0,0,0,0.58,0.00,0.58,0.58,0.58,Matches,8f3565b3,158,FW,34,1991,1.7,0,0,0,6,4,0,0,0,1,,,0,Matches,8f3565b3,3.5294117647058822,0.6666666666666666,Starter
159,Firas Al-Buraikan,FW,sa Saudi Arabia,26,1.sa Al-Ahli,2000,3,3,238,2.6,0,0,0,0,0,0,1,0,0.00,0.00,0.00,0.00,0.00,Matches,ac717a23,159,FW,26,2000,2.6,1,0,0,2,3,0,0,1,0,,,0,Matches,ac717a23,0.7692307692307692,1.0,Starter
160,Cameron Burgess,DF,au Australia,30,2.eng Swansea City,1995,2,2,135,1.5,0,0,0,0,0,0,0,0,0.00,0.00,0.00,0.00,0.00,Matches,da61ca98,160,DF,30,1995,1.5,0,0,0,0,0,0,0,1,1,,,1,Matches,da61ca98,0.0,1.0,Starter
163,Gustavo Caballero,FWMF,py Paraguay,24,2.eng Portsmouth,2001,2,0,96,1.1,0,0,0,0,0,0,0,0,0.00,0.00,0.00,0.00,0.00,Matches,90a38ca7,163,FWMF,24,2001,1.1,0,0,0,2,2,1,0,0,2,,,0,Matches,90a38ca7,1.8181818181818181,0.0,Non-Starter
164,Jovane Cabral,FW,cv Cabo Verde,28,1.pt Estrela,1998,2,2,139,1.5,0,0,0,0,0,0,0,0,0.00,0.00,0.00,0.00,0.00,Matches,e34e086c,164,FW,28,1998,1.5,0,0,0,1,2,0,1,1,3,,,0,Matches,e34e086c,0.6666666666666666,1.0,Starter
165,Liberato Cacace,DF,nz New Zealand,25,2.eng Wrexham,2000,3,3,220,2.4,0,0,0,0,0,0,0,0,0.00,0.00,0.00,0.00,0.00,Matches,dd86e8e4,165,DF,25,2000,2.4,0,0,0,1,5,0,8,3,2,,,0,Matches,dd86e8e4,0.4166666666666667,1.0,Starter
166,Juan Cáceres,DF,py Paraguay,26,1.ru Dynamo Moskva,2000,5,5,436,4.8,0,0,0,0,0,0,1,0,0.00,0.00,0.00,0.00,0.00,Matches,db887bdf,166,DF,26,2000,4.8,1,0,0,9,6,0,10,5,11,,,0,Matches,db887bdf,1.875,1.0,Starter
167,Sebastián Cáceres,DF,uy Uruguay,26,1.mx América,1999,3,3,270,3.0,0,0,0,0,0,0,0,0,0.00,0.00,0.00,0.00,0.00,Matches,7091c68e,167,DF,26,1999,3.0,0,0,0,2,2,0,1,2,1,,,0,Matches,7091c68e,0.6666666666666666,1.0,Starter
169,Moisés Caicedo,MF,ec Ecuador,24,1.eng Chelsea,2001,4,4,360,4.0,0,0,0,0,0,0,1,0,0.00,0.00,0.00,0.00,0.00,Matches,16264a81,169,MF,24,2001,4.0,1,0,0,5,4,0,17,4,6,,,0,Matches,16264a81,1.25,1.0,Starter
170,Uğurcan Çakır,GK,tr Türkiye,30,1.tr Galatasaray,1996,3,3,270,3.0,0,0,0,0,0,0,0,0,0.00,0.00,0.00,0.00,0.00,Matches,f63a8347,170,GK,30,1996,3.0,0,0,0,0,0,0,0,0,0,,,0,Matches,f63a8347,0.0,1.0,Starter
171,Hakan Çalhanoğlu,MF,tr Türkiye,32,1.it Inter,1994,2,2,180,2.0,0,0,0,0,0,0,0,0,0.00,0.00,0.00,0.00,0.00,Matches,cd0fa27b,171,MF,32,1994,2.0,0,0,0,2,1,0,10,1,3,,,0,Matches,cd0fa27b,1.0,1.0,Starter
172,Lamine Camara,MF,sn Senegal,22,1.fr Monaco,2004,4,3,248,2.8,0,1,1,0,0,0,1,0,0.00,0.36,0.36,0.00,0.36,Matches,19c2ffa4,172,MF,22,2004,2.8,1,0,0,5,3,0,7,2,1,,,0,Matches,19c2ffa4,1.7857142857142858,0.75,Starter
175,José Canale,DF,py Paraguay,29,1.ar Lanús,1996,4,1,161,1.8,0,0,0,0,0,0,0,0,0.00,0.00,0.00,0.00,0.00,Matches,97d24b73,175,DF,29,1996,1.8,0,0,0,1,2,0,1,1,6,,,0,Matches,97d24b73,0.5555555555555556,0.25,Non-Starter
176,João Cancelo,DF,pt Portugal,32,1.es Barcelona,1994,5,5,312,3.5,0,1,1,0,0,0,0,0,0.00,0.29,0.29,0.00,0.29,Matches,bd6351cd,176,DF,32,1994,3.5,0,0,0,6,2,1,17,5,4,,,0,Matches,bd6351cd,1.7142857142857142,1.0,Starter
177,Agustín Canobbio,FW,uy Uruguay,27,1.br Fluminense,1998,3,2,224,2.5,1,0,1,1,0,0,0,1,0.40,0.00,0.40,0.40,0.40,Matches,4f5a2f38,177,FW,27,1998,2.5,0,1,0,7,5,1,8,2,3,,,0,Matches,4f5a2f38,2.8,0.6666666666666666,Starter
178,Casemiro,MF,br Brazil,34,1.eng Manchester Utd,1992,5,5,379,4.2,1,0,1,1,0,0,2,0,0.24,0.00,0.24,0.24,0.24,Matches,4d224fe8,178,MF,34,1992,4.2,2,0,0,6,6,0,5,6,5,,,0,Matches,4d224fe8,1.4285714285714286,1.0,Starter
179,Josué Casimir,MF,ht Haiti,24,1.fr Auxerre,2001,3,2,182,2.0,0,0,0,0,0,0,1,0,0.00,0.00,0.00,0.00,0.00,Matches,481f76cf,179,MF,24,2001,2.0,1,0,0,4,4,0,3,0,0,,,0,Matches,481f76cf,2.0,0.6666666666666666,Starter
180,Timothy Castagne,DF,be Belgium,30,1.eng Fulham,1995,6,5,478,5.3,0,1,1,0,0,0,1,0,0.00,0.19,0.19,0.00,0.19,Matches,197640fd,180,DF,30,1995,5.3,1,0,0,7,2,0,20,8,7,,,0,Matches,197640fd,1.3207547169811322,0.8333333333333334,Starter
183,Zeki Çelik,DF,tr Türkiye,29,1.it Roma,1997,2,2,163,1.8,0,0,0,0,0,0,0,0,0.00,0.00,0.00,0.00,0.00,Matches,31a62dc7,183,DF,29,1997,1.8,0,0,0,1,0,0,1,1,3,,,0,Matches,31a62dc7,0.5555555555555556,1.0,Starter
184,Lukáš Červ,MF,cz Czechia,25,1.cz Viktoria Plzeň,2001,2,2,163,1.8,0,0,0,0,0,0,0,0,0.00,0.00,0.00,0.00,0.00,Matches,bb4a41bc,184,MF,25,2001,1.8,0,0,0,3,3,0,0,0,3,,,0,Matches,bb4a41bc,1.6666666666666665,1.0,Starter
185,Fares Chaïbi,MF,dz Algeria,23,1.de Frankfurt,2002,4,4,360,4.0,0,0,0,0,0,0,1,0,0.00,0.00,0.00,0.00,0.00,Matches,357103bd,185,MF,23,2002,4.0,1,0,0,3,2,1,6,3,5,,,0,Matches,357103bd,0.75,1.0,Starter
187,Štěpán Chaloupek,DF,cz Czechia,23,1.cz Slavia Prague,2003,1,1,90,1.0,0,0,0,0,0,0,0,0,0.00,0.00,0.00,0.00,0.00,Matches,ded82b9a,187,DF,23,2003,1.0,0,0,0,1,0,0,0,2,0,,,0,Matches,ded82b9a,1.0,1.0,Starter
188,Mouhib Chamakh,GK,tn Tunisia,24,1.tn Club Africain,2001,1,1,90,1.0,0,0,0,0,0,0,0,0,0.00,0.00,0.00,0.00,0.00,Matches,9627f87b,188,GK,24,2001,1.0,0,0,0,0,0,0,0,0,0,,,0,Matches,9627f87b,0.0,1.0,Starter
193,Rayan Cherki,MF,fr France,22,1.eng Manchester City,2003,7,1,130,1.4,0,0,0,0,0,0,0,0,0.00,0.00,0.00,0.00,0.00,Matches,b34c63a5,193,MF,22,2003,1.4,0,0,0,2,2,0,1,1,1,,,0,Matches,b34c63a5,1.4285714285714286,0.14285714285714285,Non-Starter
195,Tahith Chong,MF,cw Curaçao,26,2.eng Sheffield United,1999,3,3,247,2.7,0,0,0,0,0,0,0,0,0.00,0.00,0.00,0.00,0.00,Matches,2696b6a9,195,MF,26,1999,2.7,0,0,0,3,13,0,1,1,0,,,0,Matches,2696b6a9,1.111111111111111,1.0,Starter
197,Ryan Christie,MF,sct Scotland,31,1.eng Bournemouth,1995,3,1,95,1.1,0,0,0,0,0,0,1,0,0.00,0.00,0.00,0.00,0.00,Matches,26ce2263,197,MF,31,1995,1.1,1,0,0,2,1,0,1,2,3,,,0,Matches,26ce2263,1.8181818181818181,0.3333333333333333,Non-Starter
200,Brian Cipenga,MFFW,cd Congo DR,28,2.es Castellón,1998,2,2,146,1.6,1,0,1,1,0,0,0,0,0.62,0.00,0.62,0.62,0.62,Matches,e4787d6f,200,MFFW,28,1998,1.6,0,0,0,2,1,1,9,0,2,,,0,Matches,e4787d6f,1.25,1.0,Starter
201,Alessandro Circati,DF,au Australia,22,1.it Parma,2003,4,4,390,4.3,0,0,0,0,0,0,1,0,0.00,0.00,0.00,0.00,0.00,Matches,1223765c,201,DF,22,2003,4.3,1,0,0,5,4,0,2,2,7,,,0,Matches,1223765c,1.1627906976744187,1.0,Starter
202,Pathé Ciss,DF,sn Senegal,32,1.es Rayo Vallecano,1994,4,1,184,2.0,0,0,0,0,0,0,0,0,0.00,0.00,0.00,0.00,0.00,Matches,9a0408b6,202,DF,32,1994,2.0,0,0,0,1,0,0,0,0,0,,,0,Matches,9a0408b6,0.5,0.25,Non-Starter
203,Livano Comenencia,MF,cw Curaçao,22,1.ch Zürich,2004,3,3,233,2.6,1,0,1,1,0,0,1,0,0.39,0.00,0.39,0.39,0.39,Matches,c9d96dc1,203,MF,22,2004,2.6,1,0,0,4,1,0,1,11,1,,,0,Matches,c9d96dc1,1.5384615384615383,1.0,Starter
205,Francisco Conceição,MF,pt Portugal,23,1.it Juventus,2002,4,0,126,1.4,0,0,0,0,0,0,0,0,0.00,0.00,0.00,0.00,0.00,Matches,5ef3d210,205,MF,23,2002,1.4,0,0,0,1,2,1,3,0,2,,,0,Matches,5ef3d210,0.7142857142857143,0.0,Non-Starter
206,Jhon Córdoba,FW,co Colombia,33,1.ru Krasnodar,1993,3,2,99,1.1,0,0,0,0,0,0,0,0,0.00,0.00,0.00,0.00,0.00,Matches,9f381d8b,206,FW,33,1993,1.1,0,0,0,1,2,2,0,0,0,,,0,Matches,9f381d8b,0.9090909090909091,0.6666666666666666,Starter
207,José Córdoba,DF,pa Panama,25,2.eng Norwich City,2001,3,3,270,3.0,0,0,0,0,0,0,0,0,0.00,0.00,0.00,0.00,0.00,Matches,bec98750,207,DF,25,2001,3.0,0,0,0,5,1,0,1,1,3,,,0,Matches,bec98750,1.6666666666666667,1.0,Starter
208,Derek Cornelius,DF,ca Canada,28,1.fr Marseille,1997,4,4,315,3.5,0,0,0,0,0,0,1,0,0.00,0.00,0.00,0.00,0.00,Matches,577744b8,208,DF,28,1997,3.5,1,0,0,4,3,0,1,2,3,,,0,Matches,577744b8,1.1428571428571428,1.0,Starter
209,Diogo Costa,GK,pt Portugal,26,1.pt Porto,1999,5,5,450,5.0,0,0,0,0,0,0,0,0,0.00,0.00,0.00,0.00,0.00,Matches,93fffbcf,209,GK,26,1999,5.0,0,0,0,0,1,0,0,0,0,,,0,Matches,93fffbcf,0.0,1.0,Starter
210,Nuno da Costa,FW,cv Cabo Verde,35,1.tr Başakşehir,1991,4,1,159,1.8,0,0,0,0,0,0,0,0,0.00,0.00,0.00,0.00,0.00,Matches,909222de,210,FW,35,1991,1.8,0,0,0,0,3,0,1,1,2,,,0,Matches,909222de,0.0,0.25,Non-Starter
212,Vladimír Coufal,MFDF,cz Czechia,33,1.de Hoffenheim,1992,3,3,270,3.0,0,1,1,0,0,0,0,0,0.00,0.33,0.33,0.00,0.33,Matches,fdf3cb77,212,MFDF,33,1992,3.0,0,0,0,4,3,1,20,2,1,,,0,Matches,fdf3cb77,1.3333333333333333,1.0,Starter
213,Thibaut Courtois,GK,be Belgium,34,1.es Real Madrid,1992,6,6,550,6.1,0,0,0,0,0,0,0,0,0.00,0.00,0.00,0.00,0.00,Matches,1840e36d,213,GK,34,1992,6.1,0,0,0,0,0,0,0,0,0,,,0,Matches,1840e36d,0.0,1.0,Starter
214,Maxime Crépeau,GK,ca Canada,32,1.us Orlando City,1994,5,5,450,5.0,0,0,0,0,0,0,0,0,0.00,0.00,0.00,0.00,0.00,Matches,ea42e480,214,GK,32,1994,5.0,0,0,0,1,1,0,0,0,1,,,0,Matches,ea42e480,0.2,1.0,Starter
215,Max Crocombe,GK,nz New Zealand,32,2.eng Millwall,1993,3,3,270,3.0,0,0,0,0,0,0,0,0,0.00,0.00,0.00,0.00,0.00,Matches,fdf47077,215,GK,32,1993,3.0,0,0,0,0,1,0,0,0,0,,,0,Matches,fdf47077,0.0,1.0,Starter
216,Pau Cubarsí,DF,es Spain,19,1.es Barcelona,2007,8,8,750,8.3,0,0,0,0,0,0,1,0,0.00,0.00,0.00,0.00,0.00,Matches,cc7888f3,216,DF,19,2007,8.3,1,0,0,4,5,0,1,4,4,,,0,Matches,cc7888f3,0.48192771084337344,1.0,Starter
217,Andrés Cubas,MF,py Paraguay,30,1.us Vancouver,1996,5,5,480,5.3,0,0,0,0,0,0,1,0,0.00,0.00,0.00,0.00,0.00,Matches,9b40a6ea,217,MF,30,1996,5.3,1,0,0,14,3,0,0,11,13,,,0,Matches,9b40a6ea,2.6415094339622645,1.0,Starter
219,Marc Cucurella,DF,es Spain,27,1.eng Chelsea,1998,8,8,750,8.3,0,2,2,0,0,0,1,0,0.00,0.24,0.24,0.00,0.24,Matches,1daec722,219,DF,27,1998,8.3,1,0,0,8,5,4,13,7,4,,,0,Matches,1daec722,0.9638554216867469,1.0,Starter
220,Matheus Cunha,FW,br Brazil,27,1.eng Manchester Utd,1999,5,4,290,3.2,3,0,3,3,0,0,0,0,0.93,0.00,0.93,0.93,0.93,Matches,dc62b55d,220,FW,27,1999,3.2,0,0,0,1,3,1,4,3,3,,,0,Matches,dc62b55d,0.3125,0.8,Starter
222,Aymen Dahmen,GK,tn Tunisia,29,1.tn Ahly Sfaxien,1997,2,2,180,2.0,0,0,0,0,0,0,0,0,0.00,0.00,0.00,0.00,0.00,Matches,8bf49030,222,GK,29,1997,2.0,0,0,0,0,1,0,0,0,0,,,0,Matches,8bf49030,0.0,1.0,Starter
224,Danilo,DF,br Brazil,34,1.br Flamengo,1991,5,4,405,4.5,0,0,0,0,0,0,2,0,0.00,0.00,0.00,0.00,0.00,Matches,94b2001f,224,DF,34,1991,4.5,2,0,0,7,1,1,10,7,2,,,0,Matches,94b2001f,1.5555555555555556,0.8,Starter
225,Kevin Danso,DF,at Austria,27,1.eng Tottenham,1998,4,2,241,2.7,0,0,0,0,0,0,0,0,0.00,0.00,0.00,0.00,0.00,Matches,6e33125f,225,DF,27,1998,2.7,0,0,0,1,2,0,1,0,1,,,0,Matches,6e33125f,0.37037037037037035,0.5,Starter
227,Jonathan David,FW,ca Canada,26,1.it Juventus,2000,5,5,420,4.7,3,0,3,3,0,0,1,0,0.64,0.00,0.64,0.64,0.64,Matches,ce50fd99,227,FW,26,2000,4.7,1,0,0,5,5,0,3,3,1,,,0,Matches,ce50fd99,1.0638297872340425,1.0,Starter
231,Nasser Al-Dawsari,MF,sa Saudi Arabia,27,1.sa Al-Hilal,1998,3,2,207,2.3,0,0,0,0,0,0,1,0,0.00,0.00,0.00,0.00,0.00,Matches,7709e4a6,231,MF,27,1998,2.3,1,0,0,7,2,0,1,4,4,,,0,Matches,7709e4a6,3.0434782608695654,0.6666666666666666,Starter
232,Salem Al-Dawsari,MF,sa Saudi Arabia,34,1.sa Al-Hilal,1991,3,3,245,2.7,0,0,0,0,0,0,1,0,0.00,0.00,0.00,0.00,0.00,Matches,60ee859c,232,MF,34,1991,2.7,1,0,0,3,4,1,3,1,1,,,0,Matches,60ee859c,1.111111111111111,1.0,Starter
234,Kevin De Bruyne,MF,be Belgium,34,1.it Napoli,1991,5,5,382,4.2,1,0,1,1,0,0,1,0,0.24,0.00,0.24,0.24,0.24,Matches,e46012d4,234,MF,34,1991,4.2,1,0,0,2,4,0,21,0,2,,,0,Matches,e46012d4,0.47619047619047616,1.0,Starter
235,Maxim De Cuyper,DF,be Belgium,25,1.eng Brighton,2000,6,5,442,4.9,0,0,0,0,0,0,1,0,0.00,0.00,0.00,0.00,0.00,Matches,d494882e,235,DF,25,2000,4.9,1,0,0,7,2,0,12,6,2,,,0,Matches,d494882e,1.4285714285714284,0.8333333333333334,Starter
236,Luc De Fougerolles,DF,ca Canada,20,1.eng Fulham,2005,5,4,372,4.1,0,0,0,0,0,0,2,0,0.00,0.00,0.00,0.00,0.00,Matches,45c427ff,236,DF,20,2005,4.1,2,0,0,8,8,0,1,2,6,,,0,Matches,45c427ff,1.9512195121951221,0.8,Starter
237,Charles De Ketelaere,FWMF,be Belgium,25,1.it Atalanta,2001,5,5,350,3.9,3,1,4,3,0,0,0,0,0.77,0.26,1.03,0.77,1.03,Matches,2ef7c612,237,FWMF,25,2001,3.9,0,0,0,2,3,2,3,5,4,,,0,Matches,2ef7c612,0.5128205128205129,1.0,Starter
238,Nicolás De La Cruz,MF,uy Uruguay,29,1.br Flamengo,1997,3,0,86,1.0,0,0,0,0,0,0,1,0,0.00,0.00,0.00,0.00,0.00,Matches,8fda5c72,238,MF,29,1997,1.0,1,0,0,2,3,0,5,2,1,,,0,Matches,8fda5c72,2.0,0.0,Non-Starter
239,Rodrigo De Paul,MF,ar Argentina,32,1.us Inter Miami,1994,7,6,491,5.5,0,1,1,0,0,0,1,0,0.00,0.18,0.18,0.00,0.18,Matches,162efffd,239,MF,32,1994,5.5,1,0,0,2,5,1,14,6,4,,,0,Matches,162efffd,0.36363636363636365,0.8571428571428571,Starter
240,Amar Dedić,DF,ba Bosnia–Herz,23,1.pt Benfica,2002,3,3,270,3.0,0,0,0,0,0,0,1,0,0.00,0.00,0.00,0.00,0.00,Matches,bc6e544a,240,DF,23,2002,3.0,1,0,0,6,3,0,0,1,7,,,0,Matches,bc6e544a,2.0,1.0,Starter
241,Louicius Deedson,MF,ht Haiti,25,1.us FC Dallas,2001,3,1,112,1.2,0,0,0,0,0,0,0,0,0.00,0.00,0.00,0.00,0.00,Matches,f7059bb1,241,MF,25,2001,1.2,0,0,0,3,1,1,4,1,0,,,0,Matches,f7059bb1,2.5,0.3333333333333333,Non-Starter
242,Hannes Delcroix,DF,ht Haiti,27,1.ch Lugano,1999,3,3,270,3.0,0,0,0,0,0,0,0,0,0.00,0.00,0.00,0.00,0.00,Matches,b737f944,242,DF,27,1999,3.0,0,0,0,1,2,0,0,4,3,,,0,Matches,b737f944,0.3333333333333333,1.0,Starter
243,Ousmane Dembélé,MF,fr France,29,1.fr PSG,1997,8,7,592,6.6,6,2,8,6,0,0,0,0,0.91,0.30,1.22,0.91,1.22,Matches,b19db005,243,MF,29,1997,6.6,0,0,0,0,4,3,34,0,2,,,0,Matches,b19db005,0.0,0.875,Starter
244,Merih Demiral,DF,tr Türkiye,28,1.sa Al-Ahli,1998,2,2,180,2.0,0,0,0,0,0,0,0,0,0.00,0.00,0.00,0.00,0.00,Matches,e3cceee6,244,DF,28,1998,2.0,0,0,0,2,1,3,1,1,1,,,0,Matches,e3cceee6,1.0,1.0,Starter
245,Ermedin Demirović,FW,ba Bosnia–Herz,28,1.de Stuttgart,1998,4,4,354,3.9,0,0,0,0,0,0,1,0,0.00,0.00,0.00,0.00,0.00,Matches,ed79b7d3,245,FW,28,1998,3.9,1,0,0,11,3,1,0,1,1,,,0,Matches,ed79b7d3,2.8205128205128207,1.0,Starter
246,Sergiño Dest,MF,us USA,25,1.nl PSV,2000,5,4,297,3.3,0,0,0,0,0,0,0,0,0.00,0.00,0.00,0.00,0.00,Matches,5976f83e,246,MF,25,2000,3.3,0,0,0,2,4,0,3,5,1,,,0,Matches,5976f83e,0.6060606060606061,0.8,Starter
247,Frans Dhia Putros,DF,iq Iraq,32,1.id Persib Bandung,1993,1,1,90,1.0,0,0,0,0,0,0,0,0,0.00,0.00,0.00,0.00,0.00,Matches,0102aa7e,247,DF,32,1993,1.0,0,0,0,2,0,0,1,2,2,,,0,Matches,0102aa7e,2.0,1.0,Starter
249,Amad Diallo,MFFW,ci Côte d'Ivoire,23,1.eng Manchester Utd,2002,4,2,185,2.1,2,0,2,2,0,0,0,0,0.97,0.00,0.97,0.97,0.97,Matches,9dc96f10,249,MFFW,23,2002,2.1,0,0,0,0,2,1,4,2,4,,,0,Matches,9dc96f10,0.0,0.5,Starter
251,Habib Diarra,MF,sn Senegal,22,1.eng Sunderland,2004,3,2,143,1.6,2,0,2,2,0,0,0,0,1.26,0.00,1.26,1.26,1.26,Matches,6d0fe035,251,MF,22,2004,1.6,0,0,0,2,2,0,1,1,2,,,0,Matches,6d0fe035,1.25,0.6666666666666666,Starter
252,Rúben Dias,DF,pt Portugal,29,1.eng Manchester City,1997,4,4,360,4.0,0,0,0,0,0,0,1,0,0.00,0.00,0.00,0.00,0.00,Matches,31c69ef1,252,DF,29,1997,4.0,1,0,0,6,3,0,0,5,3,,,0,Matches,31c69ef1,1.5,1.0,Starter
253,Krépin Diatta,DF,sn Senegal,27,1.fr Monaco,1999,4,4,390,4.3,0,0,0,0,0,0,0,0,0.00,0.00,0.00,0.00,0.00,Matches,8104e41e,253,DF,27,1999,4.3,0,0,0,4,6,0,12,3,10,,,0,Matches,8104e41e,0.9302325581395349,1.0,Starter
254,Mory Diaw,GK,sn Senegal,32,1.fr Le Havre,1993,3,2,238,2.6,0,0,0,0,0,0,0,0,0.00,0.00,0.00,0.00,0.00,Matches,f41a69e6,254,GK,32,1993,2.6,0,0,0,0,2,0,0,0,0,,,0,Matches,f41a69e6,0.0,0.6666666666666666,Starter
255,Brahim Díaz,MF,ma Morocco,26,1.es Real Madrid,1999,6,6,457,5.1,0,4,4,0,0,0,0,0,0.00,0.79,0.79,0.00,0.79,Matches,407feb71,255,MF,26,1999,5.1,0,0,0,3,10,0,8,4,2,,,0,Matches,407feb71,0.5882352941176471,1.0,Starter
257,Luis Díaz,FWMF,co Colombia,29,1.de Bayern Munich,1997,5,5,478,5.3,1,1,2,1,0,0,0,0,0.19,0.19,0.38,0.19,0.38,Matches,4a1a9578,257,FWMF,29,1997,5.3,0,0,0,7,9,9,4,1,0,,,0,Matches,4a1a9578,1.3207547169811322,1.0,Starter
259,Lucas Digne,DF,fr France,32,1.eng Aston Villa,1993,6,5,463,5.1,0,0,0,0,0,0,0,0,0.00,0.00,0.00,0.00,0.00,Matches,1b84dbe1,259,DF,32,1993,5.1,0,0,0,7,2,0,15,2,3,,,0,Matches,1b84dbe1,1.3725490196078431,0.8333333333333334,Starter
260,Diney,DF,cv Cabo Verde,31,1.ae Al Bataeh,1995,4,4,390,4.3,0,0,0,0,0,0,1,0,0.00,0.00,0.00,0.00,0.00,Matches,d2e33ba2,260,DF,31,1995,4.3,1,0,0,2,0,0,0,4,7,,,1,Matches,d2e33ba2,0.46511627906976744,1.0,Starter
261,Ousmane Diomande,DF,ci Côte d'Ivoire,22,1.pt Sporting CP,2003,1,1,90,1.0,0,0,0,0,0,0,0,0,0.00,0.00,0.00,0.00,0.00,Matches,394be156,261,DF,22,2003,1.0,0,0,0,0,0,0,0,1,0,,,0,Matches,394be156,0.0,1.0,Starter
262,Yan Diomandé,MFFW,ci Côte d'Ivoire,19,1.de RB Leipzig,2006,4,4,329,3.7,0,1,1,0,0,0,0,0,0.00,0.27,0.27,0.00,0.27,Matches,919f5f54,262,MFFW,19,2006,3.7,0,0,0,2,7,0,14,4,6,,,0,Matches,919f5f54,0.5405405405405405,1.0,Starter
263,Issa Diop,DF,ma Morocco,29,1.eng Fulham,1997,5,5,476,5.3,1,0,1,1,0,0,3,0,0.19,0.00,0.19,0.19,0.19,Matches,a712ca2b,263,DF,29,1997,5.3,3,0,0,4,1,0,0,7,1,,,0,Matches,a712ca2b,0.7547169811320755,1.0,Starter
264,El Hadji Malick Diouf,DF,sn Senegal,21,1.eng West Ham,2004,3,2,171,1.9,0,0,0,0,0,0,0,0,0.00,0.00,0.00,0.00,0.00,Matches,bd5eb2e5,264,DF,21,2004,1.9,0,0,0,2,0,0,8,1,1,,,0,Matches,bd5eb2e5,1.0526315789473684,0.6666666666666666,Starter
265,Ritsu Doan,MF,jp Japan,27,1.de Frankfurt,1998,4,4,278,3.1,0,1,1,0,0,0,0,0,0.00,0.32,0.32,0.00,0.32,Matches,d01bbb6f,265,MF,27,1998,3.1,0,0,0,6,4,0,5,1,1,,,0,Matches,d01bbb6f,1.9354838709677418,1.0,Starter
266,Jeremy Doku,MF,be Belgium,24,1.eng Manchester City,2002,5,4,309,3.4,0,0,0,0,0,0,0,0,0.00,0.00,0.00,0.00,0.00,Matches,fffea3e5,266,MF,24,2002,3.4,0,0,0,4,18,0,6,3,1,,,0,Matches,fffea3e5,1.1764705882352942,0.8,Starter
267,Merchas Doski,DF,iq Iraq,26,1.cz Viktoria Plzeň,1999,3,3,270,3.0,0,0,0,0,0,0,1,0,0.00,0.00,0.00,0.00,0.00,Matches,fdf4cfe5,267,DF,26,1999,3.0,1,0,0,3,8,0,4,6,9,,,0,Matches,fdf4cfe5,1.0,1.0,Starter
268,David Douděra,MF,cz Czechia,28,1.cz Slavia Prague,1998,1,1,90,1.0,0,0,0,0,0,0,0,0,0.00,0.00,0.00,0.00,0.00,Matches,e95b4604,268,MF,28,1998,1.0,0,0,0,0,1,0,5,1,0,,,0,Matches,e95b4604,0.0,1.0,Starter
269,Désiré Doué,MF,fr France,21,1.fr PSG,2005,8,4,400,4.4,1,1,2,1,0,0,0,0,0.23,0.23,0.45,0.23,0.45,Matches,9e7483ff,269,MF,21,2005,4.4,0,0,0,4,8,0,3,2,6,,,0,Matches,9e7483ff,0.9090909090909091,0.5,Starter
270,Guéla Doué,DF,ci Côte d'Ivoire,23,1.fr Strasbourg,2002,4,3,277,3.1,0,0,0,0,0,0,1,0,0.00,0.00,0.00,0.00,0.00,Matches,b4ef3fb5,270,DF,23,2002,3.1,1,0,0,6,5,0,12,3,5,,,0,Matches,b4ef3fb5,1.9354838709677418,0.75,Starter
271,Deroy Duarte,MF,cv Cabo Verde,26,1.bg Ludogorets,1999,4,2,264,2.9,1,0,1,1,0,0,0,0,0.34,0.00,0.34,0.34,0.34,Matches,6af8fc5b,271,MF,26,1999,2.9,0,0,0,4,1,0,1,6,5,,,0,Matches,6af8fc5b,1.3793103448275863,0.5,Starter
272,Laros Duarte,MF,cv Cabo Verde,29,1.hu Puskás Akad.,1997,4,2,166,1.8,0,0,0,0,0,0,0,0,0.00,0.00,0.00,0.00,0.00,Matches,4af3d3c8,272,MF,29,1997,1.8,0,0,0,0,2,0,2,2,1,,,0,Matches,4af3d3c8,0.0,0.5,Starter
273,Denzel Dumfries,DFMF,nl Netherlands,30,1.it Inter,1996,4,4,390,4.3,0,2,2,0,0,0,0,0,0.00,0.46,0.46,0.00,0.46,Matches,481c9ece,273,DFMF,30,1996,4.3,0,0,0,6,3,1,16,1,6,,,0,Matches,481c9ece,1.3953488372093024,1.0,Starter
274,Jean-Kevin Duverne,DF,ht Haiti,28,1.be Gent,1997,2,2,169,1.9,0,1,1,0,0,0,0,0,0.00,0.53,0.53,0.00,0.53,Matches,0cbc8baa,274,DF,28,1997,1.9,0,0,0,2,1,1,1,4,2,,,0,Matches,0cbc8baa,1.0526315789473684,1.0,Starter
276,Edin Džeko,FW,ba Bosnia–Herz,40,2.de Schalke 04,1986,3,3,176,2.0,0,0,0,0,0,0,1,0,0.00,0.00,0.00,0.00,0.00,Matches,3bb7f478,276,FW,40,1986,2.0,1,0,0,1,2,0,0,1,0,,,0,Matches,3bb7f478,0.5,1.0,Starter
278,Anthony Elanga,MFFW,se Sweden,24,1.eng Newcastle,2002,4,2,217,2.4,2,0,2,2,0,0,0,0,0.83,0.00,0.83,0.83,0.83,Matches,2fba6108,278,MFFW,24,2002,2.4,0,0,0,0,7,1,12,2,0,,,0,Matches,2fba6108,0.0,0.5,Starter
281,Eren Elmalı,DF,tr Türkiye,25,1.tr Galatasaray,2000,2,1,111,1.2,0,0,0,0,0,0,1,0,0.00,0.00,0.00,0.00,0.00,Matches,8eeb8ba4,281,DF,25,2000,1.2,1,0,0,2,1,0,1,2,1,,,0,Matches,8eeb8ba4,1.6666666666666667,0.5,Starter
282,Nico Elvedi,DF,ch Switzerland,29,1.de Gladbach,1996,6,6,600,6.7,0,0,0,0,0,0,1,0,0.00,0.00,0.00,0.00,0.00,Matches,48035304,282,DF,29,1996,6.7,1,0,0,5,6,0,0,6,2,,,0,Matches,48035304,0.7462686567164178,1.0,Starter
283,Breel Embolo,FW,ch Switzerland,29,1.fr Rennes,1997,6,6,501,5.6,2,2,4,1,1,1,2,1,0.36,0.36,0.72,0.18,0.54,Matches,0b4f388a,283,FW,29,1997,5.6,2,1,1,9,11,4,1,2,0,,,0,Matches,0b4f388a,1.6071428571428572,1.0,Starter
284,Julio Enciso,FW,py Paraguay,22,1.fr Strasbourg,2004,5,5,386,4.3,1,2,3,1,0,0,0,0,0.23,0.47,0.70,0.23,0.70,Matches,9cfbad36,284,FW,22,2004,4.3,0,0,0,3,9,0,5,1,5,,,0,Matches,9cfbad36,0.6976744186046512,1.0,Starter
285,Endrick,FW,br Brazil,19,1.fr Lyon,2006,4,0,114,1.3,0,0,0,0,0,0,0,0,0.00,0.00,0.00,0.00,0.00,Matches,a2728fbf,285,FW,19,2006,1.3,0,0,0,1,1,1,0,1,1,,,0,Matches,a2728fbf,0.7692307692307692,0.0,Non-Starter
287,Fidel Escobar,DF,pa Panama,31,1.cr Saprissa,1995,1,1,90,1.0,0,0,0,0,0,0,0,0,0.00,0.00,0.00,0.00,0.00,Matches,4991ec66,287,DF,31,1995,1.0,0,0,0,1,0,0,1,1,2,,,0,Matches,4991ec66,1.0,1.0,Starter
288,Pervis Estupiñán,MF,ec Ecuador,28,1.it Milan,1998,2,1,89,1.0,0,0,0,0,0,0,0,0,0.00,0.00,0.00,0.00,0.00,Matches,d38fdf53,288,MF,28,1998,1.0,0,0,0,3,0,0,2,0,1,,,0,Matches,d38fdf53,3.0,0.5,Starter
290,Stephen Eustáquio,MF,ca Canada,29,1.pt Porto,1996,5,4,392,4.4,1,0,1,1,0,0,0,0,0.23,0.00,0.23,0.23,0.23,Matches,577efaec,290,MF,29,1996,4.4,0,0,0,2,7,0,45,3,5,,,0,Matches,577efaec,0.45454545454545453,0.8,Starter
291,Martin Expérience,DFMF,ht Haiti,27,2.fr Nancy,1999,3,3,270,3.0,0,0,0,0,0,0,0,0,0.00,0.00,0.00,0.00,0.00,Matches,9edb83f4,291,DFMF,27,1999,3.0,0,0,0,7,6,0,6,4,6,,,0,Matches,9edb83f4,2.3333333333333335,1.0,Starter
292,Saeid Ezatolahi,MF,ir IR Iran,29,1.ae Al-Ahli Dubai FC,1996,3,3,264,2.9,0,0,0,0,0,0,2,0,0.00,0.00,0.00,0.00,0.00,Matches,314d95ac,292,MF,29,1996,2.9,2,0,0,7,4,0,0,7,5,,,0,Matches,314d95ac,2.413793103448276,1.0,Starter
293,Eberechi Eze,MF,eng England,27,1.eng Arsenal,1998,5,1,211,2.3,0,1,1,0,0,0,0,0,0.00,0.43,0.43,0.00,0.43,Matches,ae4fc6a4,293,MF,27,1998,2.3,0,0,0,2,4,1,2,0,0,,,0,Matches,ae4fc6a4,0.8695652173913044,0.2,Non-Starter
295,José Fajardo,FW,pa Panama,32,1.ec Univ Católica,1993,3,1,155,1.7,0,0,0,0,0,0,1,0,0.00,0.00,0.00,0.00,0.00,Matches,682e47b3,295,FW,32,1993,1.7,1,0,0,4,3,1,0,0,2,,,0,Matches,682e47b3,2.3529411764705883,0.3333333333333333,Non-Starter
296,Odeh Al-Fakhouri,MFFW,jo Jordan,20,1.eg Pyramids FC,2005,3,2,148,1.6,0,0,0,0,0,0,0,0,0.00,0.00,0.00,0.00,0.00,Matches,30591ae5,296,MFFW,20,2005,1.6,0,0,0,2,3,1,1,2,1,,,0,Matches,30591ae5,1.25,0.6666666666666666,Starter
300,Abdul Fatawu Issahaku,FWMF,gh Ghana,22,2.eng Leicester City,2004,4,0,132,1.5,0,0,0,0,0,0,1,0,0.00,0.00,0.00,0.00,0.00,Matches,bceda5ff,300,FWMF,22,2004,1.5,1,0,0,1,7,0,7,0,0,,,0,Matches,bceda5ff,0.6666666666666666,0.0,Non-Starter
301,Ahmed Fathy,MF,qa Qatar,33,1.qa Al-Arabi,1993,3,1,150,1.7,0,0,0,0,0,0,2,0,0.00,0.00,0.00,0.00,0.00,Matches,f2369793,301,MF,33,1993,1.7,2,0,0,2,1,0,0,3,3,,,0,Matches,f2369793,1.1764705882352942,0.3333333333333333,Non-Starter
302,Hamdy Fathy,DFMF,eg Egypt,31,1.qa Al-Wakrah,1994,4,3,238,2.6,0,0,0,0,0,0,1,0,0.00,0.00,0.00,0.00,0.00,Matches,c8ef4955,302,DFMF,31,1994,2.6,1,0,0,3,2,1,1,2,3,,,0,Matches,c8ef4955,1.1538461538461537,0.75,Starter
303,Ahmed Fatouh,DF,eg Egypt,28,1.eg Zamalek SC,1998,3,3,267,3.0,0,0,0,0,0,0,1,0,0.00,0.00,0.00,0.00,0.00,Matches,de13286d,303,DF,28,1998,3.0,1,0,0,2,3,0,8,4,5,,,0,Matches,de13286d,0.6666666666666666,1.0,Starter
304,Abbosbek Fayzullayev,MF,uz Uzbekistan,22,1.tr Başakşehir,2003,3,3,220,2.4,1,0,1,1,0,0,0,0,0.41,0.00,0.41,0.41,0.41,Matches,ef1d36a1,304,MF,22,2003,2.4,0,0,0,6,4,0,10,1,6,,,0,Matches,ef1d36a1,2.5,1.0,Starter
305,João Félix,MF,pt Portugal,26,1.sa Al-Nassr,1999,3,3,201,2.2,0,0,0,0,0,0,0,0,0.00,0.00,0.00,0.00,0.00,Matches,8aafd64f,305,MF,26,1999,2.2,0,0,0,3,6,0,4,3,4,,,0,Matches,8aafd64f,1.3636363636363635,1.0,Starter
306,Lewis Ferguson,MF,sct Scotland,26,1.it Bologna,1999,3,3,270,3.0,0,0,0,0,0,0,0,0,0.00,0.00,0.00,0.00,0.00,Matches,ee64a822,306,MF,26,1999,3.0,0,0,0,5,10,0,9,4,7,,,0,Matches,ee64a822,1.6666666666666667,1.0,Starter
307,Bruno Fernandes,MF,pt Portugal,31,1.eng Manchester Utd,1994,5,5,422,4.7,0,1,1,0,0,0,0,0,0.00,0.21,0.21,0.00,0.21,Matches,507c7bdf,307,MF,31,1994,4.7,0,0,0,2,8,1,22,0,5,,,0,Matches,507c7bdf,0.425531914893617,1.0,Starter
308,Enzo Fernández,MF,ar Argentina,25,1.eng Chelsea,2001,7,7,659,7.3,2,0,2,2,0,0,2,1,0.27,0.00,0.27,0.27,0.27,Matches,5ff4ab71,308,MF,25,2001,7.3,2,1,1,12,6,1,5,6,7,,,0,Matches,5ff4ab71,1.6438356164383563,1.0,Starter
310,Álvaro Fidalgo,MF,mx Mexico,29,1.es Real Betis,1997,3,1,96,1.1,1,0,1,1,0,0,0,0,0.94,0.00,0.94,0.94,0.94,Matches,c705cdc4,310,MF,29,1997,1.1,0,0,0,0,2,0,4,1,0,,,0,Matches,c705cdc4,0.0,0.3333333333333333,Non-Starter
311,Sherel Floranus,DF,cw Curaçao,27,1.nl Zwolle,1998,3,3,270,3.0,0,0,0,0,0,0,0,0,0.00,0.00,0.00,0.00,0.00,Matches,5ad49fbb,311,DF,27,1998,3.0,0,0,0,2,0,1,0,4,6,,,0,Matches,5ad49fbb,0.6666666666666666,1.0,Starter
312,Seko Fofana,MF,ci Côte d'Ivoire,31,1.pt Porto,1995,2,1,92,1.0,0,0,0,0,0,0,1,0,0.00,0.00,0.00,0.00,0.00,Matches,5313ed43,312,MF,31,1995,1.0,1,0,0,1,0,0,0,2,0,,,0,Matches,5313ed43,1.0,0.5,Starter
313,Yahia Fofana,GK,ci Côte d'Ivoire,25,1.tr Rizespor,2000,4,4,360,4.0,0,0,0,0,0,0,0,0,0.00,0.00,0.00,0.00,0.00,Matches,9d420dad,313,GK,25,2000,4.0,0,0,0,0,3,0,0,0,0,,,0,Matches,9d420dad,0.0,1.0,Starter
314,Deveron Fonville,DF,cw Curaçao,23,1.nl NEC Nijmegen,2003,3,3,241,2.7,0,0,0,0,0,0,0,0,0.00,0.00,0.00,0.00,0.00,Matches,21932982,314,DF,23,2003,2.7,0,0,0,2,3,0,0,5,3,,,0,Matches,21932982,0.7407407407407407,1.0,Starter
317,Alan Franco,DF,ec Ecuador,27,1.br Atlético Mineiro,1998,4,4,251,2.8,0,0,0,0,0,0,2,0,0.00,0.00,0.00,0.00,0.00,Matches,c76b161b,317,DF,27,1998,2.8,2,0,0,7,0,0,5,4,6,,,0,Matches,c76b161b,2.5,1.0,Starter
318,Alex Freeman,DF,us USA,21,1.es Villarreal,2004,5,4,374,4.2,1,1,2,1,0,0,0,0,0.24,0.24,0.48,0.24,0.48,Matches,754f150b,318,DF,21,2004,4.2,0,0,0,1,1,0,4,7,6,,,0,Matches,754f150b,0.23809523809523808,0.8,Starter
319,Matt Freese,GK,us USA,27,1.us NYCFC,1998,4,4,360,4.0,0,0,0,0,0,0,0,0,0.00,0.00,0.00,0.00,0.00,Matches,2f49476c,319,GK,27,1998,4.0,0,0,0,0,2,0,0,0,0,,,0,Matches,2f49476c,0.0,1.0,Starter
320,Remo Freuler,MF,ch Switzerland,34,1.it Bologna,1992,6,6,592,6.6,0,0,0,0,0,0,0,0,0.00,0.00,0.00,0.00,0.00,Matches,98d2c2c4,320,MF,34,1992,6.6,0,0,0,8,3,1,5,8,5,,,0,Matches,98d2c2c4,1.2121212121212122,1.0,Starter
322,Juriën Gaari,DF,cw Curaçao,32,2.sa Abha,1993,2,2,166,1.8,0,0,0,0,0,0,1,0,0.00,0.00,0.00,0.00,0.00,Matches,bf7a9d1a,322,DF,32,1993,1.8,1,0,0,4,1,0,0,2,2,,,0,Matches,bf7a9d1a,2.2222222222222223,1.0,Starter
323,Jassem Gaber,MF,qa Qatar,24,1.qa Al Rayyan SC,2002,3,3,149,1.7,0,0,0,0,0,0,1,0,0.00,0.00,0.00,0.00,0.00,Matches,af9ef8aa,323,MF,24,2002,1.7,1,0,0,7,0,0,0,0,2,,,0,Matches,af9ef8aa,4.11764705882353,1.0,Starter
324,Cody Gakpo,FW,nl Netherlands,27,1.eng Liverpool,1999,4,4,368,4.1,3,1,4,3,0,0,0,0,0.73,0.24,0.98,0.73,0.98,Matches,1971591f,324,FW,27,1999,4.1,0,0,0,3,3,3,12,2,1,,,0,Matches,1971591f,0.7317073170731708,1.0,Starter
325,Matías Galarza,MF,py Paraguay,24,1.us Atlanta Utd,2002,4,4,388,4.3,1,1,2,1,0,0,2,0,0.23,0.23,0.46,0.23,0.46,Matches,8e97a57b,325,MF,24,2002,4.3,2,0,0,10,9,0,4,7,11,,,0,Matches,8e97a57b,2.3255813953488373,1.0,Starter
326,Hernán Galíndez,GK,ec Ecuador,39,1.ar Huracán,1987,4,4,360,4.0,0,0,0,0,0,0,0,0,0.00,0.00,0.00,0.00,0.00,Matches,89c136f6,326,GK,39,1987,4.0,0,0,0,0,0,0,0,0,0,,,0,Matches,89c136f6,0.0,1.0,Starter
327,Jesús Gallardo,DF,mx Mexico,31,1.mx Toluca,1994,5,4,373,4.1,0,0,0,0,0,0,0,0,0.00,0.00,0.00,0.00,0.00,Matches,d0846b6c,327,DF,31,1994,4.1,0,0,0,7,3,0,16,7,1,,,0,Matches,d0846b6c,1.707317073170732,0.8,Starter
329,Ben Gannon-Doak,MF,sct Scotland,20,1.eng Bournemouth,2005,3,2,186,2.1,0,0,0,0,0,0,0,0,0.00,0.00,0.00,0.00,0.00,Matches,733f1a7d,329,MF,20,2005,2.1,0,0,0,3,1,0,6,0,1,,,0,Matches,733f1a7d,1.4285714285714286,0.6666666666666666,Starter
334,Ismaël Gharbi,MF,tn Tunisia,22,1.de Augsburg,2004,3,1,127,1.4,0,0,0,0,0,0,0,0,0.00,0.00,0.00,0.00,0.00,Matches,5b3cfa12,334,MF,22,2004,1.4,0,0,0,0,2,0,1,1,1,,,0,Matches,5b3cfa12,0.0,0.3333333333333333,Non-Starter
337,Saman Ghoddos,MF,ir IR Iran,32,1.ae Al-Ittihad Kalba,1993,3,3,208,2.3,0,0,0,0,0,0,0,0,0.00,0.00,0.00,0.00,0.00,Matches,f7b1d4e0,337,MF,32,1993,2.3,0,0,0,3,0,1,1,5,4,,,0,Matches,f7b1d4e0,1.3043478260869565,1.0,Starter
338,Mohammad Ghorbani,MF,ir IR Iran,25,1.ae Al-Wahda FC,2001,1,1,90,1.0,0,0,0,0,0,0,0,0,0.00,0.00,0.00,0.00,0.00,Matches,4a078e18,338,MF,25,2001,1.0,0,0,0,2,1,0,0,2,2,,,0,Matches,4a078e18,2.0,1.0,Starter
339,Lee Gi-hyuk,DF,kr Korea Republic,25,1.kr Gangwon FC,2000,3,3,270,3.0,0,0,0,0,0,0,1,0,0.00,0.00,0.00,0.00,0.00,Matches,18c8c3c7,339,DF,25,2000,3.0,1,0,0,2,1,0,2,5,4,,,0,Matches,18c8c3c7,0.6666666666666666,1.0,Starter
341,Orlando Gill,GK,py Paraguay,26,1.py San Lorenzo,2000,5,5,480,5.3,0,0,0,0,0,0,0,0,0.00,0.00,0.00,0.00,0.00,Matches,0d425331,341,GK,26,2000,5.3,0,0,0,0,3,0,0,0,0,,,0,Matches,0d425331,0.0,1.0,Starter
342,Santiago Giménez,FW,mx Mexico,25,1.it Milan,2001,4,0,86,1.0,0,0,0,0,0,0,0,0,0.00,0.00,0.00,0.00,0.00,Matches,37337aea,342,FW,25,2001,1.0,0,0,0,1,3,0,0,0,0,,,0,Matches,37337aea,1.0,0.0,Non-Starter
345,Diego Gómez,MF,py Paraguay,23,1.eng Brighton,2003,4,4,304,3.4,0,0,0,0,0,0,2,0,0.00,0.00,0.00,0.00,0.00,Matches,916728da,345,MF,23,2003,3.4,2,0,0,5,1,0,1,9,6,,,0,Matches,916728da,1.4705882352941178,1.0,Starter
346,Gustavo Gómez,DF,py Paraguay,33,1.br Palmeiras,1993,5,5,480,5.3,0,0,0,0,0,0,0,0,0.00,0.00,0.00,0.00,0.00,Matches,d5ce52a5,346,DF,33,1993,5.3,0,0,0,3,2,1,0,2,3,,,0,Matches,d5ce52a5,0.5660377358490566,1.0,Starter
348,Nicolás González,MF,ar Argentina,28,1.es Atlético Madrid,1998,7,1,259,2.9,0,1,1,0,0,0,0,0,0.00,0.35,0.35,0.00,0.35,Matches,2374aaca,348,MF,28,1998,2.9,0,0,0,4,3,2,6,1,3,,,0,Matches,2374aaca,1.3793103448275863,0.14285714285714285,Non-Starter
349,Anthony Gordon,MF,eng England,25,1.es Barcelona,2001,6,5,396,4.4,1,3,4,1,0,0,0,0,0.23,0.68,0.91,0.23,0.91,Matches,2bd83368,349,MF,25,2001,4.4,0,0,0,4,10,0,8,3,3,,,0,Matches,2bd83368,0.9090909090909091,0.8333333333333334,Starter
350,Leon Goretzka,MF,de Germany,31,1.de Bayern Munich,1995,3,0,99,1.1,0,0,0,0,0,0,0,0,0.00,0.00,0.00,0.00,0.00,Matches,cc86b9a3,350,MF,31,1995,1.1,0,0,0,0,0,0,1,1,1,,,0,Matches,cc86b9a3,0.0,0.0,Non-Starter
353,Amine Gouiri,FW,dz Algeria,26,1.fr Marseille,2000,4,3,251,2.8,1,0,1,1,0,0,0,0,0.36,0.00,0.36,0.36,0.36,Matches,aad56ca3,353,FW,26,2000,2.8,0,0,0,1,1,0,1,0,1,,,0,Matches,aad56ca3,0.35714285714285715,0.75,Starter
354,Ryan Gravenberch,MF,nl Netherlands,24,1.eng Liverpool,2002,4,4,345,3.8,0,2,2,0,0,0,0,0,0.00,0.52,0.52,0.00,0.52,Matches,b8e740fb,354,MF,24,2002,3.8,0,0,0,5,3,0,4,6,1,,,0,Matches,b8e740fb,1.3157894736842106,1.0,Starter
355,Michael Gregoritsch,FW,at Austria,32,1.de Augsburg,1994,3,2,188,2.1,0,1,1,0,0,0,0,0,0.00,0.48,0.48,0.00,0.48,Matches,8e235926,355,FW,32,1994,2.1,0,0,0,1,1,2,0,0,0,,,0,Matches,8e235926,0.47619047619047616,0.6666666666666666,Starter
356,Florian Grillitsch,DFMF,at Austria,30,1.pt Braga,1995,2,0,90,1.0,0,0,0,0,0,0,0,0,0.00,0.00,0.00,0.00,0.00,Matches,ffbbc83b,356,DFMF,30,1995,1.0,0,0,0,3,1,0,1,0,1,,,0,Matches,ffbbc83b,3.0,0.0,Non-Starter
358,Gabriel Gudmundsson,MFDF,se Sweden,27,1.eng Leeds United,1999,4,4,330,3.7,0,0,0,0,0,0,1,0,0.00,0.00,0.00,0.00,0.00,Matches,d5d22a58,358,MFDF,27,1999,3.7,1,0,0,5,7,0,4,5,3,,,0,Matches,d5d22a58,1.3513513513513513,1.0,Starter
360,Marc Guéhi,DF,eng England,25,1.eng Manchester City,2000,8,7,663,7.4,0,0,0,0,0,0,1,0,0.00,0.00,0.00,0.00,0.00,Matches,d0706b27,360,DF,25,2000,7.4,1,0,0,4,13,0,0,6,1,,,0,Matches,d0706b27,0.5405405405405405,0.875,Starter
362,Idrissa Gueye,MF,sn Senegal,36,1.eng Everton,1989,4,4,361,4.0,0,0,0,0,0,0,0,0,0.00,0.00,0.00,0.00,0.00,Matches,72c812f3,362,MF,36,1989,4.0,0,0,0,2,2,0,1,2,4,,,0,Matches,72c812f3,0.5,1.0,Starter
363,Pape Gueye,MF,sn Senegal,27,1.es Villarreal,1999,4,3,234,2.6,2,1,3,2,0,0,1,0,0.77,0.38,1.15,0.77,1.15,Matches,7155e3e1,363,MF,27,1999,2.6,1,0,0,4,2,0,3,4,1,,,0,Matches,7155e3e1,1.5384615384615383,0.75,Starter
364,Bruno Guimarães,MF,br Brazil,28,1.eng Newcastle,1997,5,5,416,4.6,0,4,4,0,0,1,0,0,0.00,0.87,0.87,0.00,0.87,Matches,82518f62,364,MF,28,1997,4.6,0,0,0,4,7,0,16,2,6,,,0,Matches,82518f62,0.8695652173913044,1.0,Starter
366,Arda Güler,MF,tr Türkiye,21,1.es Real Madrid,2005,3,3,270,3.0,1,0,1,1,0,0,0,0,0.33,0.00,0.33,0.33,0.33,Matches,3741ca58,366,MF,21,2005,3.0,0,0,0,3,10,2,14,2,3,,,0,Matches,3741ca58,1.0,1.0,Starter
367,Angus Gunn,GK,sct Scotland,30,1.eng Nottingham,1996,3,3,270,3.0,0,0,0,0,0,0,0,0,0.00,0.00,0.00,0.00,0.00,Matches,e082af5b,367,GK,30,1996,3.0,0,0,0,0,0,0,0,0,1,,,0,Matches,e082af5b,0.0,1.0,Starter
368,Malo Gusto,DF,fr France,23,1.eng Chelsea,2003,5,1,121,1.3,0,0,0,0,0,0,0,0,0.00,0.00,0.00,0.00,0.00,Matches,d56b9520,368,DF,23,2003,1.3,0,0,0,4,2,0,2,2,3,,,0,Matches,d56b9520,3.0769230769230766,0.2,Non-Starter
369,Brian Gutiérrez,MF,mx Mexico,22,1.mx Guadalajara,2003,4,2,198,2.2,0,0,0,0,0,0,1,0,0.00,0.00,0.00,0.00,0.00,Matches,d88f31db,369,MF,22,2003,2.2,1,0,0,5,3,0,5,2,1,,,0,Matches,d88f31db,2.2727272727272725,0.5,Starter
370,Jorge Gutiérrez,DF,pa Panama,27,1.ve Dep. La Guaira,1998,1,1,87,1.0,0,0,0,0,0,0,0,0,0.00,0.00,0.00,0.00,0.00,Matches,56f6d192,370,DF,27,1998,1.0,0,0,0,1,2,0,0,1,1,,,0,Matches,56f6d192,1.0,1.0,Starter
371,Joško Gvardiol,DF,hr Croatia,24,1.eng Manchester City,2002,4,2,139,1.5,0,0,0,0,0,0,0,0,0.00,0.00,0.00,0.00,0.00,Matches,5ad50391,371,DF,24,2002,1.5,0,0,0,2,3,0,0,2,2,,,0,Matches,5ad50391,1.3333333333333333,0.5,Starter
372,Viktor Gyökeres,FW,se Sweden,28,1.eng Arsenal,1998,4,4,360,4.0,1,2,3,1,0,0,1,0,0.25,0.50,0.75,0.25,0.75,Matches,4d5a9185,372,FW,28,1998,4.0,1,0,0,4,7,1,1,0,1,,,0,Matches,4d5a9185,1.0,1.0,Starter
373,Aziz Gʻaniyev,MF,uz Uzbekistan,28,,1998,2,1,122,1.4,0,0,0,0,0,0,0,0,0.00,0.00,0.00,0.00,0.00,Matches,0c492054,373,MF,28,1998,1.4,0,0,0,2,1,0,6,0,6,,,0,Matches,0c492054,1.4285714285714286,0.5,Starter
374,Erling Haaland,FW,no Norway,25,1.eng Manchester City,2000,5,5,465,5.2,7,0,7,7,0,0,0,0,1.35,0.00,1.35,1.35,1.35,Matches,1f44ac21,374,FW,25,2000,5.2,0,0,0,5,3,0,1,1,0,,,0,Matches,1f44ac21,0.9615384615384615,1.0,Starter
375,Ihsan Haddad,DF,jo Jordan,32,1.jo Al-Hussein SC,1994,3,3,260,2.9,0,1,1,0,0,0,0,0,0.00,0.35,0.35,0.00,0.35,Matches,85660a5d,375,DF,32,1994,2.9,0,0,0,3,1,0,8,2,1,,,0,Matches,85660a5d,1.0344827586206897,1.0,Starter
376,Anis Hadj Moussa,MF,dz Algeria,24,1.nl Feyenoord,2002,3,1,98,1.1,0,0,0,0,0,0,0,0,0.00,0.00,0.00,0.00,0.00,Matches,7bc7eef2,376,MF,24,2002,1.1,0,0,0,0,2,0,5,1,0,,,0,Matches,7bc7eef2,0.0,0.3333333333333333,Non-Starter
377,Jaouen Hadjam,DF,dz Algeria,23,1.ch Young Boys,2003,3,1,109,1.2,0,0,0,0,0,0,0,0,0.00,0.00,0.00,0.00,0.00,Matches,576817b7,377,DF,23,2003,1.2,0,0,0,0,0,0,1,1,1,,,0,Matches,576817b7,0.0,0.3333333333333333,Non-Starter
380,Karim Hafez,DF,eg Egypt,30,1.eg Pyramids FC,1996,3,2,172,1.9,0,1,1,0,0,0,0,0,0.00,0.52,0.52,0.00,0.52,Matches,d2debf23,380,DF,30,1996,1.9,0,0,0,1,2,0,3,3,1,,,0,Matches,d2debf23,0.5263157894736842,0.6666666666666666,Starter
381,Ehsan Hajsafi,DF,ir IR Iran,36,1.ir Sepahan,1990,2,1,91,1.0,0,0,0,0,0,0,1,0,0.00,0.00,0.00,0.00,0.00,Matches,b060e3b8,381,DF,36,1990,1.0,1,0,0,2,1,0,2,1,0,,,0,Matches,b060e3b8,2.0,0.5,Starter
382,Achraf Hakimi,DF,ma Morocco,27,1.fr PSG,1998,6,6,570,6.3,1,2,3,1,0,0,1,0,0.16,0.32,0.47,0.16,0.47,Matches,e42d61c7,382,DF,27,1998,6.3,1,0,0,7,16,0,35,5,10,,,0,Matches,e42d61c7,1.1111111111111112,1.0,Starter
383,Redouane Halhal,DF,ma Morocco,23,1.be Mechelen,2003,2,2,180,2.0,0,0,0,0,0,0,1,0,0.00,0.00,0.00,0.00,0.00,Matches,e17c2cec,383,DF,23,2003,2.0,1,0,0,3,5,1,0,1,1,,,0,Matches,e17c2cec,1.5,1.0,Starter
384,Ali Al Hamadi,FW,iq Iraq,24,2.eng Ipswich Town,2002,3,2,180,2.0,0,0,0,0,0,0,0,0,0.00,0.00,0.00,0.00,0.00,Matches,8450467d,384,FW,24,2002,2.0,0,0,0,1,5,0,0,2,2,,,0,Matches,8450467d,0.5,0.6666666666666666,Starter
386,Mohamed Amine Ben Hamida,DF,tn Tunisia,30,1.tn Espérance Tunis,1995,3,2,202,2.2,0,0,0,0,0,0,0,0,0.00,0.00,0.00,0.00,0.00,Matches,2a5e8f82,386,DF,30,1995,2.2,0,0,0,3,1,0,1,1,9,,,0,Matches,2a5e8f82,1.3636363636363635,0.6666666666666666,Starter
388,Lee Han-beom,DF,kr Korea Republic,23,1.dk Midtjylland,2002,3,3,270,3.0,0,0,0,0,0,0,0,0,0.00,0.00,0.00,0.00,0.00,Matches,071f2dd3,388,DF,23,2002,3.0,0,0,0,7,2,0,2,3,2,,,0,Matches,071f2dd3,2.3333333333333335,1.0,Starter
389,Grant Hanley,DF,sct Scotland,34,1.sct Hibernian,1991,2,2,180,2.0,0,0,0,0,0,0,0,0,0.00,0.00,0.00,0.00,0.00,Matches,e9254eec,389,DF,34,1991,2.0,0,0,0,1,0,1,0,1,2,,,0,Matches,e9254eec,0.5,1.0,Starter
391,Mohamed Hany,DF,eg Egypt,30,1.eg Al Ahly,1996,5,5,480,5.3,0,1,1,0,0,0,0,0,0.00,0.19,0.19,0.00,0.19,Matches,9bcf1513,391,DF,30,1996,5.3,0,0,0,2,1,0,15,6,9,,,2,Matches,9bcf1513,0.37735849056603776,1.0,Starter
392,Moteb Al-Harbi,DF,sa Saudi Arabia,26,1.sa Al-Hilal,2000,3,2,188,2.1,0,0,0,0,0,0,0,0,0.00,0.00,0.00,0.00,0.00,Matches,1d88554c,392,DF,26,2000,2.1,0,0,0,0,4,0,1,4,1,,,0,Matches,1d88554c,0.0,0.6666666666666666,Starter
393,Saleh Hardani,DF,ir IR Iran,27,1.ir Esteghlal,1998,2,1,90,1.0,0,0,0,0,0,0,0,0,0.00,0.00,0.00,0.00,0.00,Matches,3a9b682b,393,DF,27,1998,1.0,0,0,0,0,2,0,1,2,2,,,0,Matches,3a9b682b,0.0,0.5,Starter
394,Carlos Harvey,MF,pa Panama,26,1.us Minnesota Utd,2000,3,3,267,3.0,0,0,0,0,0,0,1,0,0.00,0.00,0.00,0.00,0.00,Matches,3f18600c,394,MF,26,2000,3.0,1,0,0,8,3,0,0,0,3,,,0,Matches,3f18600c,2.6666666666666665,1.0,Starter
395,Akam Hashim,DF,iq Iraq,27,1.iq Al-Zawra'a SC,1998,3,3,270,3.0,0,0,0,0,0,0,0,0,0.00,0.00,0.00,0.00,0.00,Matches,f8416e89,395,DF,27,1998,3.0,0,0,0,0,3,0,0,2,1,,,0,Matches,f8416e89,0.0,1.0,Starter
396,Haissem Hassan,MF,eg Egypt,24,1.es Oviedo,2002,2,1,126,1.4,0,1,1,0,0,0,2,0,0.00,0.71,0.71,0.00,0.71,Matches,e0979e74,396,MF,24,2002,1.4,2,0,0,2,2,0,9,0,1,,,0,Matches,e0979e74,1.4285714285714286,0.5,Starter
397,Jalal Hassan,GK,iq Iraq,35,1.iq Al-Zawra'a SC,1991,2,1,135,1.5,0,0,0,0,0,0,0,0,0.00,0.00,0.00,0.00,0.00,Matches,87351c2e,397,GK,35,1991,1.5,0,0,0,0,1,0,0,0,0,,,0,Matches,87351c2e,0.0,0.5,Starter
400,Kai Havertz,FW,de Germany,27,1.eng Arsenal,1999,4,4,353,3.9,3,0,3,2,1,1,1,0,0.76,0.00,0.76,0.51,0.51,Matches,fed7cb61,400,FW,27,1999,3.9,1,0,0,3,4,1,1,1,2,,,0,Matches,fed7cb61,0.7692307692307693,1.0,Starter
402,Jan Paul van Hecke,DF,nl Netherlands,26,1.eng Brighton,2000,4,4,390,4.3,1,0,1,1,0,0,0,0,0.23,0.00,0.23,0.23,0.23,Matches,4fd08daa,402,DF,26,2000,4.3,0,0,0,4,2,0,1,4,3,,,0,Matches,4fd08daa,0.9302325581395349,1.0,Starter
403,Hwang Hee-chan,FW,kr Korea Republic,30,1.eng Wolves,1996,3,1,108,1.2,0,0,0,0,0,0,0,0,0.00,0.00,0.00,0.00,0.00,Matches,169fd162,403,FW,30,1996,1.2,0,0,0,1,2,0,0,0,1,,,0,Matches,169fd162,0.8333333333333334,0.3333333333333333,Non-Starter
404,Torbjørn Heggem,DF,no Norway,27,1.it Bologna,1999,5,5,443,4.9,0,0,0,0,0,0,0,0,0.00,0.00,0.00,0.00,0.00,Matches,834fea76,404,DF,27,1999,4.9,0,0,0,2,0,0,0,2,7,,,0,Matches,834fea76,0.4081632653061224,1.0,Starter
406,Dean Henderson,GK,eng England,29,1.eng Crystal Palace,1997,1,1,90,1.0,0,0,0,0,0,0,0,0,0.00,0.00,0.00,0.00,0.00,Matches,e5a76dfe,406,GK,29,1997,1.0,0,0,0,0,0,0,0,1,0,,,0,Matches,e5a76dfe,0.0,1.0,Starter
408,Jack Hendry,DF,sct Scotland,31,1.sa Al-Ettifaq,1995,3,3,270,3.0,0,0,0,0,0,0,0,0,0.00,0.00,0.00,0.00,0.00,Matches,ffed43e3,408,DF,31,1995,3.0,0,0,0,1,3,0,0,0,2,,,0,Matches,ffed43e3,0.3333333333333333,1.0,Starter
410,Theo Hernández,DF,fr France,28,1.sa Al-Hilal,1997,5,3,257,2.9,0,0,0,0,0,0,0,0,0.00,0.00,0.00,0.00,0.00,Matches,d4c9725f,410,DF,28,1997,2.9,0,0,0,2,4,0,6,3,1,,,0,Matches,d4c9725f,0.6896551724137931,0.6,Starter
411,Lucas Herrington,DF,au Australia,18,1.us Colorado Rapids,2007,2,2,210,2.3,0,0,0,0,0,0,0,0,0.00,0.00,0.00,0.00,0.00,Matches,6f808c85,411,DF,18,2007,2.3,0,0,0,2,0,0,0,2,1,,,0,Matches,6f808c85,0.8695652173913044,1.0,Starter
412,Son Heung-min,FW,kr Korea Republic,33,1.us LAFC,1992,3,2,169,1.9,0,0,0,0,0,0,0,0,0.00,0.00,0.00,0.00,0.00,Matches,92e7e919,412,FW,33,1992,1.9,0,0,0,0,4,2,3,0,1,,,0,Matches,92e7e919,0.0,0.6666666666666666,Starter
414,Isak Hien,DF,se Sweden,27,1.it Atalanta,1999,3,3,216,2.4,0,0,0,0,0,0,1,0,0.00,0.00,0.00,0.00,0.00,Matches,12806697,414,DF,27,1999,2.4,1,0,0,3,3,0,0,1,3,,,0,Matches,12806697,1.25,1.0,Starter
415,Piero Hincapié,DF,ec Ecuador,24,1.eng Arsenal,2002,4,4,339,3.8,0,0,0,0,0,0,1,1,0.00,0.00,0.00,0.00,0.00,Matches,0c7a48f8,415,DF,24,2002,3.8,1,1,0,5,4,0,14,4,5,,,0,Matches,0c7a48f8,1.3157894736842106,1.0,Starter
416,Adam Hložek,FW,cz Czechia,23,1.de Hoffenheim,2002,3,2,156,1.7,0,0,0,0,0,0,0,0,0.00,0.00,0.00,0.00,0.00,Matches,5521f419,416,FW,23,2002,1.7,0,0,0,4,4,0,0,1,1,,,0,Matches,5521f419,2.3529411764705883,0.6666666666666666,Starter
417,Tomáš Holeš,DF,cz Czechia,33,1.cz Slavia Prague,1993,2,2,153,1.7,0,0,0,0,0,0,0,0,0.00,0.00,0.00,0.00,0.00,Matches,e03c2d97,417,DF,33,1993,1.7,0,0,0,2,2,0,0,4,3,,,0,Matches,e03c2d97,1.1764705882352942,1.0,Starter
419,Robin Hranáč,DF,cz Czechia,26,1.de Hoffenheim,2000,3,3,270,3.0,0,0,0,0,0,0,0,0,0.00,0.00,0.00,0.00,0.00,Matches,95d5aea2,419,DF,26,2000,3.0,0,0,0,6,0,0,1,1,0,,,0,Matches,95d5aea2,2.0,1.0,Starter
423,Ayman Hussein,FW,iq Iraq,30,1.iq Al-Karma,1996,2,2,115,1.3,1,0,1,1,0,0,0,0,0.78,0.00,0.78,0.78,0.78,Matches,8b574de7,423,FW,30,1996,1.3,0,0,0,2,1,0,0,0,0,,,1,Matches,8b574de7,1.5384615384615383,1.0,Starter
424,Oh Hyeon-gyu,FW,kr Korea Republic,25,1.tr Beşiktaş,2001,3,1,129,1.4,1,0,1,1,0,0,0,0,0.70,0.00,0.70,0.70,0.70,Matches,d25422fb,424,FW,25,2001,1.4,0,0,0,0,1,0,1,0,0,,,0,Matches,d25422fb,0.0,0.3333333333333333,Non-Starter
427,Yasser Ibrahim,DF,eg Egypt,33,1.eg Al Ahly,1993,5,4,467,5.2,1,0,1,1,0,0,2,0,0.19,0.00,0.19,0.19,0.19,Matches,0b89ad1b,427,DF,33,1993,5.2,2,0,0,6,3,0,0,3,6,,,0,Matches,0b89ad1b,1.1538461538461537,0.8,Starter
429,Hwang In-beom,MF,kr Korea Republic,29,1.nl Feyenoord,1996,3,3,263,2.9,1,1,2,1,0,0,0,0,0.34,0.34,0.68,0.34,0.68,Matches,92fa5d28,429,MF,29,1996,2.9,0,0,0,1,1,0,2,4,2,,,0,Matches,92fa5d28,0.3448275862068966,1.0,Starter
430,Christ Inao Oulaï,MF,ci Côte d'Ivoire,20,1.tr Trabzonspor,2006,4,2,208,2.3,0,0,0,0,0,0,0,0,0.00,0.00,0.00,0.00,0.00,Matches,62709ee4,430,MF,20,2006,2.3,0,0,0,3,5,0,0,6,4,,,0,Matches,62709ee4,1.3043478260869565,0.5,Starter
431,Zidane Iqbal,MF,iq Iraq,23,1.nl Utrecht,2003,3,2,188,2.1,0,0,0,0,0,0,0,0,0.00,0.00,0.00,0.00,0.00,Matches,6fa3c28e,431,MF,23,2003,2.1,0,0,0,1,2,0,2,1,2,,,0,Matches,6fa3c28e,0.47619047619047616,0.6666666666666666,Starter
432,Nestory Irankunda,FWMF,au Australia,20,2.eng Watford,2006,4,3,261,2.9,1,0,1,1,0,0,0,0,0.34,0.00,0.34,0.34,0.34,Matches,4ac730b2,432,FWMF,20,2006,2.9,0,0,0,4,5,0,1,1,0,,,0,Matches,4ac730b2,1.3793103448275863,0.75,Starter
433,Jackson Irvine,MF,au Australia,33,1.de St Pauli,1993,4,2,223,2.5,0,0,0,0,0,0,1,0,0.00,0.00,0.00,0.00,0.00,Matches,4637747c,433,MF,33,1993,2.5,1,0,0,3,3,0,2,1,1,,,0,Matches,4637747c,1.2,0.5,Starter
434,Alexander Isak,FW,se Sweden,26,1.eng Liverpool,1999,4,4,357,4.0,1,3,4,1,0,0,0,0,0.25,0.76,1.01,0.25,1.01,Matches,8e92be30,434,FW,26,1999,4.0,0,0,0,4,1,5,3,0,2,,,0,Matches,8e92be30,1.0,1.0,Starter
435,Wilson Isidor,FW,ht Haiti,25,1.eng Sunderland,2000,3,2,186,2.1,1,0,1,1,0,0,0,0,0.48,0.00,0.48,0.48,0.48,Matches,a671316d,435,FW,25,2000,2.1,0,0,0,3,2,1,0,1,1,,,0,Matches,a671316d,1.4285714285714286,0.6666666666666666,Starter
437,Zaid Ismail,MF,iq Iraq,24,1.iq Al-Talaba,2002,2,2,117,1.3,0,0,0,0,0,0,0,0,0.00,0.00,0.00,0.00,0.00,Matches,c65effaa,437,MF,24,2002,1.3,0,0,0,2,0,0,0,1,4,,,0,Matches,c65effaa,1.5384615384615383,1.0,Starter
438,Ko Itakura,DF,jp Japan,29,1.nl Ajax,1997,2,2,128,1.4,0,1,1,0,0,0,0,0,0.00,0.70,0.70,0.00,0.70,Matches,97d545ae,438,DF,29,1997,1.4,0,0,0,1,0,0,0,1,0,,,0,Matches,97d545ae,0.7142857142857143,1.0,Starter
439,Jacob Italiano,DF,au Australia,24,1.at Grazer AK,2001,2,2,163,1.8,0,0,0,0,0,0,1,0,0.00,0.00,0.00,0.00,0.00,Matches,2eb0ee9a,439,DF,24,2001,1.8,1,0,0,0,0,0,8,1,2,,,0,Matches,2eb0ee9a,0.0,1.0,Starter
440,Hiroki Ito,DF,jp Japan,27,1.de Bayern Munich,1999,4,4,360,4.0,0,0,0,0,0,0,0,0,0.00,0.00,0.00,0.00,0.00,Matches,204dded0,440,DF,27,1999,4.0,0,0,0,7,0,0,9,0,2,,,0,Matches,204dded0,1.75,1.0,Starter
441,Junya Itō,MF,jp Japan,33,1.be Genk,1993,4,2,216,2.4,1,0,1,1,0,0,0,0,0.42,0.00,0.42,0.42,0.42,Matches,dbd3a428,441,MF,33,1993,2.4,0,0,0,2,5,0,17,1,2,,,0,Matches,dbd3a428,0.8333333333333334,0.5,Starter
443,Nicolas Jackson,FW,sn Senegal,24,1.de Bayern Munich,2001,4,2,234,2.6,0,1,1,0,0,0,0,0,0.00,0.38,0.38,0.00,0.38,Matches,9c36ed83,443,FW,24,2001,2.6,0,0,0,2,0,5,1,1,2,,,0,Matches,9c36ed83,0.7692307692307692,0.5,Starter
444,Lee Jae-sung,FW,kr Korea Republic,33,1.de Mainz 05,1992,2,2,117,1.3,0,0,0,0,0,0,0,0,0.00,0.00,0.00,0.00,0.00,Matches,34b0387f,444,FW,33,1992,1.3,0,0,0,1,4,1,0,2,3,,,0,Matches,34b0387f,0.7692307692307692,1.0,Starter
446,Ismail Jakobs,DF,sn Senegal,26,1.tr Galatasaray,1999,3,2,219,2.4,0,0,0,0,0,0,0,0,0.00,0.00,0.00,0.00,0.00,Matches,a0415710,446,DF,26,1999,2.4,0,0,0,2,0,0,18,2,2,,,0,Matches,a0415710,0.8333333333333334,0.6666666666666666,Starter
447,Reece James,DF,eng England,26,1.eng Chelsea,1999,5,3,319,3.5,0,0,0,0,0,0,0,0,0.00,0.00,0.00,0.00,0.00,Matches,1265a93a,447,DF,26,1999,3.5,0,0,0,3,1,0,9,3,3,,,0,Matches,1265a93a,0.8571428571428571,0.6,Starter
451,Ali Jasim,MF,iq Iraq,22,1.sa Al-Najma,2004,2,2,129,1.4,0,0,0,0,0,0,0,0,0.00,0.00,0.00,0.00,0.00,Matches,1a927a6f,451,MF,22,2004,1.4,0,0,0,1,0,0,4,0,1,,,0,Matches,1a927a6f,0.7142857142857143,1.0,Starter
452,Danley Jean-Jacques,MF,ht Haiti,26,1.us Philadelphia,2000,3,3,259,2.9,0,0,0,0,0,0,1,0,0.00,0.00,0.00,0.00,0.00,Matches,59fcbd6d,452,MF,26,2000,2.9,1,0,0,5,3,0,1,3,6,,,0,Matches,59fcbd6d,1.7241379310344829,1.0,Starter
454,Raúl Jiménez,FW,mx Mexico,35,1.eng Fulham,1991,4,4,317,3.5,3,0,3,2,1,1,0,0,0.85,0.00,0.85,0.57,0.57,Matches,b561db50,454,FW,35,1991,3.5,0,0,0,7,2,2,0,0,1,,,0,Matches,b561db50,2.0,1.0,Starter
458,Alistair Johnston,DF,ca Canada,27,1.sct Celtic,1998,5,5,450,5.0,0,0,0,0,0,0,1,0,0.00,0.00,0.00,0.00,0.00,Matches,4fb17e20,458,DF,27,1998,5.0,1,0,0,5,4,0,19,6,2,,,0,Matches,4fb17e20,1.0,1.0,Starter
459,Frenkie de Jong,MF,nl Netherlands,29,1.es Barcelona,1997,4,4,328,3.6,0,0,0,0,0,0,0,0,0.00,0.00,0.00,0.00,0.00,Matches,1bacc518,459,MF,29,1997,3.6,0,0,0,6,6,0,1,8,7,,,0,Matches,1bacc518,1.6666666666666665,1.0,Starter
460,Lenny Joseph,FW,ht Haiti,25,1.hu Ferencváros,2000,3,1,117,1.3,0,0,0,0,0,0,0,0,0.00,0.00,0.00,0.00,0.00,Matches,d1828392,460,FW,25,2000,1.3,0,0,0,6,1,0,0,0,0,,,0,Matches,d1828392,4.615384615384615,0.3333333333333333,Non-Starter
461,Edmilson Junior,MFFW,qa Qatar,31,1.qa Al Duhail SC,1994,3,3,210,2.3,0,1,1,0,0,0,0,0,0.00,0.43,0.43,0.00,0.43,Matches,620764f4,461,MFFW,31,1994,2.3,0,0,0,4,2,1,4,0,1,,,0,Matches,620764f4,1.7391304347826089,1.0,Starter
462,Vinicius Júnior,FW,br Brazil,25,1.es Real Madrid,2000,5,5,440,4.9,4,1,5,4,0,0,0,0,0.82,0.20,1.02,0.82,1.02,Matches,7111d552,462,FW,25,2000,4.9,0,0,0,4,10,3,12,1,1,,,0,Matches,7111d552,0.8163265306122448,1.0,Starter
463,Elijah Just,MF,nz New Zealand,26,1.sct Motherwell,2000,3,3,264,2.9,3,0,3,3,0,0,1,0,1.02,0.00,1.02,1.02,1.02,Matches,0c295d6e,463,MF,26,2000,2.9,1,0,0,3,2,0,2,2,3,,,0,Matches,0c295d6e,1.0344827586206897,1.0,Starter
464,Musab Al Juwayr,MFFW,sa Saudi Arabia,22,1.sa Al-Qadsiah,2003,3,2,152,1.7,0,0,0,0,0,0,0,0,0.00,0.00,0.00,0.00,0.00,Matches,62592fc1,464,MFFW,22,2003,1.7,0,0,0,1,1,2,7,1,3,,,0,Matches,62592fc1,0.5882352941176471,0.6666666666666666,Starter
466,Ozan Kabak,DF,tr Türkiye,26,1.de Hoffenheim,2000,1,1,90,1.0,0,0,0,0,0,0,0,0,0.00,0.00,0.00,0.00,0.00,Matches,2d61d13a,466,DF,26,2000,1.0,0,0,0,3,0,0,1,0,2,,,0,Matches,2d61d13a,3.0,1.0,Starter
467,Ferdi Kadioglu,DF,tr Türkiye,26,1.eng Brighton,1999,2,2,159,1.8,0,0,0,0,0,0,0,0,0.00,0.00,0.00,0.00,0.00,Matches,66c52a77,467,DF,26,1999,1.8,0,0,0,0,3,0,4,1,2,,,0,Matches,66c52a77,0.0,1.0,Starter
471,Daichi Kamada,MF,jp Japan,29,1.eng Crystal Palace,1996,4,4,329,3.7,2,0,2,2,0,0,1,0,0.55,0.00,0.55,0.55,0.55,Matches,15b287da,471,MF,29,1996,3.7,1,0,0,2,4,1,4,1,3,,,0,Matches,15b287da,0.5405405405405405,1.0,Starter
472,Hossein Kanaanizadegan,DF,ir IR Iran,32,1.ir Persepolis,1994,2,2,135,1.5,0,0,0,0,0,0,1,0,0.00,0.00,0.00,0.00,0.00,Matches,24353c25,472,DF,32,1994,1.5,1,0,0,1,0,0,0,2,0,,,0,Matches,24353c25,0.6666666666666666,1.0,Starter
473,Harry Kane,FW,eng England,32,1.de Bayern Munich,1993,7,7,652,7.2,6,1,7,4,2,2,0,0,0.83,0.14,0.97,0.55,0.69,Matches,21a66f6a,473,FW,32,1993,7.2,0,0,0,8,9,2,1,1,3,,,0,Matches,21a66f6a,1.1111111111111112,1.0,Starter
474,Lee Kang-in,FW,kr Korea Republic,25,1.fr PSG,2001,3,3,270,3.0,0,1,1,0,0,0,1,0,0.00,0.33,0.33,0.00,0.33,Matches,8455ad90,474,FW,25,2001,3.0,1,0,0,1,7,0,19,0,0,,,0,Matches,8455ad90,0.3333333333333333,1.0,Starter
475,Mohamed Kanno,MF,sa Saudi Arabia,31,1.sa Al-Hilal,1994,3,2,225,2.5,0,0,0,0,0,0,1,0,0.00,0.00,0.00,0.00,0.00,Matches,74ccf212,475,MF,31,1994,2.5,1,0,0,5,0,0,0,2,4,,,0,Matches,74ccf212,2.0,0.6666666666666666,Starter
476,Steve Kapuadi,DF,cd Congo DR,28,1.pl Widzew Łódź,1998,2,2,180,2.0,0,0,0,0,0,0,0,0,0.00,0.00,0.00,0.00,0.00,Matches,3f3c941a,476,DF,28,1998,2.0,0,0,0,2,0,0,0,1,1,,,0,Matches,3f3c941a,1.0,1.0,Starter
477,Bekhruz Karimov,DF,uz Uzbekistan,18,1.uz FC Surkhon,2007,2,2,179,2.0,0,0,0,0,0,0,0,0,0.00,0.00,0.00,0.00,0.00,Matches,74cdaeba,477,DF,18,2007,2.0,0,0,0,8,4,0,2,3,5,,,0,Matches,74cdaeba,4.0,1.0,Starter
478,Jesper Karlström,MF,se Sweden,30,1.it Udinese,1995,2,2,138,1.5,0,0,0,0,0,0,0,0,0.00,0.00,0.00,0.00,0.00,Matches,e0a1f4eb,478,MF,30,1995,1.5,0,0,0,3,0,0,0,1,3,,,0,Matches,e0a1f4eb,2.0,1.0,Starter
480,Nikola Katić,DF,ba Bosnia–Herz,29,2.de Schalke 04,1996,4,4,317,3.5,0,0,0,0,0,0,1,0,0.00,0.00,0.00,0.00,0.00,Matches,35bd124a,480,DF,29,1996,3.5,1,0,0,4,0,0,0,5,6,,,0,Matches,35bd124a,1.1428571428571428,1.0,Starter
481,Edo Kayembe,MF,cd Congo DR,28,2.eng Watford,1998,3,2,160,1.8,0,0,0,0,0,0,0,0,0.00,0.00,0.00,0.00,0.00,Matches,f99b71de,481,MF,28,1998,1.8,0,0,0,5,3,0,2,0,1,,,0,Matches,f99b71de,2.7777777777777777,0.6666666666666666,Starter
483,Franck Kessié,MF,ci Côte d'Ivoire,29,1.sa Al-Ahli,1996,4,4,346,3.8,1,0,1,1,0,0,1,0,0.26,0.00,0.26,0.26,0.26,Matches,05e19d6a,483,MF,29,1996,3.8,1,0,0,7,2,1,2,0,4,,,0,Matches,05e19d6a,1.842105263157895,1.0,Starter
484,Abdullah Al-Khaibari,MF,sa Saudi Arabia,29,1.sa Al-Nassr,1996,3,3,180,2.0,0,0,0,0,0,0,0,0,0.00,0.00,0.00,0.00,0.00,Matches,ab47ae1c,484,MF,29,1996,2.0,0,0,0,0,2,0,0,1,1,,,0,Matches,ab47ae1c,0.0,1.0,Starter
485,Shoja' Khalilzadeh,DF,ir IR Iran,37,1.ir Tractor,1989,3,3,270,3.0,0,0,0,0,0,0,1,0,0.00,0.00,0.00,0.00,0.00,Matches,0aed29f1,485,DF,37,1989,3.0,1,0,0,4,0,1,0,3,3,,,0,Matches,0aed29f1,1.3333333333333333,1.0,Starter
486,Dostonbek Khamdamov,MF,uz Uzbekistan,29,1.uz Pakhtakor Tashkent FK,1996,2,1,103,1.1,0,0,0,0,0,0,0,0,0.00,0.00,0.00,0.00,0.00,Matches,d2dd2ffb,486,MF,29,1996,1.1,0,0,0,1,0,1,5,2,4,,,0,Matches,d2dd2ffb,0.9090909090909091,0.5,Starter
487,Bilal El Khannouss,MFFW,ma Morocco,22,1.de Stuttgart,2004,6,6,461,5.1,0,0,0,0,0,0,1,0,0.00,0.00,0.00,0.00,0.00,Matches,f7042636,487,MFFW,22,2004,5.1,1,0,0,5,6,0,10,1,7,,,0,Matches,f7042636,0.9803921568627452,1.0,Starter
488,Rani Khedira,MF,tn Tunisia,32,1.de Union Berlin,1994,3,2,149,1.7,0,0,0,0,0,0,1,0,0.00,0.00,0.00,0.00,0.00,Matches,59e4b92e,488,MF,32,1994,1.7,1,0,0,3,0,0,0,2,1,,,0,Matches,59e4b92e,1.7647058823529411,0.6666666666666666,Starter
489,Boualem Khoukhi,DF,qa Qatar,35,1.qa Al Sadd,1990,3,3,270,3.0,1,0,1,1,0,0,0,0,0.33,0.00,0.33,0.33,0.33,Matches,7be5ad52,489,DF,35,1990,3.0,0,0,0,2,1,0,2,3,3,,,0,Matches,7be5ad52,0.6666666666666666,1.0,Starter
490,Abdukodir Khusanov,DF,uz Uzbekistan,22,1.eng Manchester City,2004,3,3,270,3.0,0,0,0,0,0,0,2,0,0.00,0.00,0.00,0.00,0.00,Matches,d17ce930,490,DF,22,2004,3.0,2,0,0,6,0,0,0,5,3,,,0,Matches,d17ce930,2.0,1.0,Starter
491,Joshua Kimmich,DF,de Germany,31,1.de Bayern Munich,1995,4,4,351,3.9,0,2,2,0,0,0,0,0,0.00,0.51,0.51,0.00,0.51,Matches,49296448,491,DF,31,1995,3.9,0,0,0,0,7,0,31,4,4,,,0,Matches,49296448,0.0,1.0,Starter
493,Gregor Kobel,GK,ch Switzerland,28,1.de Dortmund,1997,6,6,600,6.7,0,0,0,0,0,0,0,0,0.00,0.00,0.00,0.00,0.00,Matches,cd59b9df,493,GK,28,1997,6.7,0,0,0,0,3,0,0,0,0,,,0,Matches,cd59b9df,0.0,1.0,Starter
494,Orkun Kökçü,MF,tr Türkiye,25,1.tr Beşiktaş,2000,3,2,153,1.7,0,1,1,0,0,0,0,0,0.00,0.59,0.59,0.00,0.59,Matches,9bf914b4,494,MF,25,2000,1.7,0,0,0,2,4,0,6,0,1,,,0,Matches,9bf914b4,1.1764705882352942,0.6666666666666666,Starter
495,Sead Kolašinac,DF,ba Bosnia–Herz,32,1.it Atalanta,1993,4,4,337,3.7,0,1,1,0,0,0,0,0,0.00,0.27,0.27,0.00,0.27,Matches,3935e52e,495,DF,32,1993,3.7,0,0,0,6,4,0,9,2,6,,,0,Matches,3935e52e,1.6216216216216215,1.0,Starter
496,Ghislain Konan,DF,ci Côte d'Ivoire,30,1.pt Gil Vicente FC,1995,3,3,269,3.0,0,0,0,0,0,0,0,0,0.00,0.00,0.00,0.00,0.00,Matches,6b2c894b,496,DF,30,1995,3.0,0,0,0,0,1,0,8,0,3,,,0,Matches,6b2c894b,0.0,1.0,Starter
498,Ismaël Koné,MF,ca Canada,23,1.it Sassuolo,2002,2,2,146,1.6,0,0,0,0,0,0,0,0,0.00,0.00,0.00,0.00,0.00,Matches,e0220b70,498,MF,23,2002,1.6,0,0,0,1,3,0,3,3,2,,,0,Matches,e0220b70,0.625,1.0,Starter
499,Manu Koné,MF,fr France,25,1.it Roma,2001,5,4,385,4.3,0,0,0,0,0,0,1,0,0.00,0.00,0.00,0.00,0.00,Matches,86574238,499,MF,25,2001,4.3,1,0,0,6,7,0,1,3,5,,,0,Matches,86574238,1.3953488372093024,0.8,Starter
500,Ezri Konsa,DF,eng England,28,1.eng Aston Villa,1997,8,7,647,7.2,1,0,1,1,0,0,0,0,0.14,0.00,0.14,0.14,0.14,Matches,0313a347,500,DF,28,1997,7.2,0,0,0,8,11,0,3,8,5,,,0,Matches,0313a347,1.1111111111111112,0.875,Starter
501,Teun Koopmeiners,DFMF,nl Netherlands,28,1.it Juventus,1998,4,0,122,1.4,0,0,0,0,0,0,0,0,0.00,0.00,0.00,0.00,0.00,Matches,a26fb8aa,501,DFMF,28,1998,1.4,0,0,0,3,0,0,5,1,1,,,0,Matches,a26fb8aa,2.142857142857143,0.0,Non-Starter
502,Odilon Kossounou,DF,ci Côte d'Ivoire,25,1.it Atalanta,2001,4,3,272,3.0,0,0,0,0,0,0,0,0,0.00,0.00,0.00,0.00,0.00,Matches,1f3afdcb,502,DF,25,2001,3.0,0,0,0,0,1,0,0,3,3,,,0,Matches,1f3afdcb,0.0,0.75,Starter
503,Kalidou Koulibaly,DF,sn Senegal,34,1.sa Al-Hilal,1991,2,2,161,1.8,0,0,0,0,0,0,0,0,0.00,0.00,0.00,0.00,0.00,Matches,da974c7b,503,DF,34,1991,1.8,0,0,0,0,0,0,0,2,1,,,0,Matches,da974c7b,0.0,1.0,Starter
504,Jules Koundé,DF,fr France,27,1.es Barcelona,1998,8,7,599,6.7,0,0,0,0,0,0,0,0,0.00,0.00,0.00,0.00,0.00,Matches,4d1666ff,504,DF,27,1998,6.7,0,0,0,6,5,1,12,3,8,,,0,Matches,4d1666ff,0.8955223880597015,0.875,Starter
505,Mateo Kovačić,MF,hr Croatia,32,1.eng Manchester City,1994,4,3,270,3.0,0,1,1,0,0,0,0,0,0.00,0.33,0.33,0.00,0.33,Matches,79c0821a,505,MF,32,1994,3.0,0,0,0,3,3,0,0,2,3,,,0,Matches,79c0821a,1.0,0.75,Starter
506,Matej Kovar,GK,cz Czechia,26,1.nl PSV,2000,3,3,270,3.0,0,0,0,0,0,0,0,0,0.00,0.00,0.00,0.00,0.00,Matches,bc67a0e1,506,GK,26,2000,3.0,0,0,0,0,0,0,0,0,0,,,0,Matches,bc67a0e1,0.0,1.0,Starter
508,Ladislav Krejčí,DF,cz Czechia,27,1.eng Wolves,1999,3,3,270,3.0,1,0,1,1,0,0,1,0,0.33,0.00,0.33,0.33,0.33,Matches,5b5c2228,508,DF,27,1999,3.0,1,0,0,6,2,0,2,1,3,,,0,Matches,5b5c2228,2.0,1.0,Starter
512,Maxence Lacroix,DF,fr France,26,1.eng Crystal Palace,2000,3,2,241,2.7,0,0,0,0,0,0,0,0,0.00,0.00,0.00,0.00,0.00,Matches,277c49ed,512,DF,26,2000,2.7,0,0,0,5,0,1,0,3,2,,,0,Matches,277c49ed,1.8518518518518516,0.6666666666666666,Starter
513,Gustaf Lagerbielke,DF,se Sweden,26,1.pt Braga,2000,4,4,360,4.0,0,0,0,0,0,0,0,0,0.00,0.00,0.00,0.00,0.00,Matches,9e39fa2d,513,DF,26,2000,4.0,0,0,0,1,3,1,1,5,5,,,0,Matches,9e39fa2d,0.25,1.0,Starter
514,Konrad Laimer,MFDF,at Austria,29,1.de Bayern Munich,1997,4,4,360,4.0,0,1,1,0,0,0,1,0,0.00,0.25,0.25,0.00,0.25,Matches,c1b7847c,514,MFDF,29,1997,4.0,1,0,0,6,3,3,4,2,6,,,0,Matches,c1b7847c,1.5,1.0,Starter
515,Ali Lajami,DF,sa Saudi Arabia,30,1.sa Al-Hilal,1996,3,1,149,1.7,0,0,0,0,0,0,0,0,0.00,0.00,0.00,0.00,0.00,Matches,46f7ab4f,515,DF,30,1996,1.7,0,0,0,0,2,0,0,3,2,,,0,Matches,46f7ab4f,0.0,0.3333333333333333,Non-Starter
519,Aymeric Laporte,DF,es Spain,32,1.es Athletic Club,1994,8,8,727,8.1,0,1,1,0,0,0,1,0,0.00,0.12,0.12,0.00,0.12,Matches,119b9a8e,519,DF,32,1994,8.1,1,0,0,5,4,0,1,14,3,,,0,Matches,119b9a8e,0.617283950617284,1.0,Starter
520,Cyle Larin,FW,ca Canada,31,1.es Mallorca,1995,4,2,190,2.1,2,0,2,2,0,0,2,0,0.95,0.00,0.95,0.95,0.95,Matches,e7af9060,520,FW,31,1995,2.1,2,0,0,5,1,3,0,0,0,,,0,Matches,e7af9060,2.380952380952381,0.5,Starter
521,Richie Laryea,DF,ca Canada,31,1.us Toronto FC,1995,5,5,429,4.8,0,0,0,0,0,0,1,0,0.00,0.00,0.00,0.00,0.00,Matches,276fdbe4,521,DF,31,1995,4.8,1,0,0,8,14,1,2,2,9,,,0,Matches,276fdbe4,1.6666666666666667,1.0,Starter
522,Mohanad Lasheen,MF,eg Egypt,30,,1996,4,4,359,4.0,0,0,0,0,0,0,2,0,0.00,0.00,0.00,0.00,0.00,Matches,8c041c7d,522,MF,30,1996,4.0,2,0,0,5,3,0,1,8,11,,,0,Matches,8c041c7d,1.25,1.0,Starter
523,Issa Laye,MFDF,qa Qatar,28,1.qa Al-Arabi,1997,3,3,270,3.0,0,0,0,0,0,0,0,0,0.00,0.00,0.00,0.00,0.00,Matches,c078667a,523,MFDF,28,1997,3.0,0,0,0,0,3,0,0,1,1,,,0,Matches,c078667a,0.0,1.0,Starter
524,Rafael Leão,MF,pt Portugal,27,1.it Milan,1999,5,1,158,1.8,1,1,2,1,0,0,0,0,0.57,0.57,1.14,0.57,1.14,Matches,20730eae,524,MF,27,1999,1.8,0,0,0,1,2,0,7,2,0,,,0,Matches,20730eae,0.5555555555555556,0.2,Non-Starter
526,Jefferson Lerma,MF,co Colombia,31,1.eng Crystal Palace,1994,5,5,410,4.6,0,0,0,0,0,0,1,0,0.00,0.00,0.00,0.00,0.00,Matches,9b5ce51a,526,MF,31,1994,4.6,1,0,0,6,5,0,1,5,1,,,0,Matches,9b5ce51a,1.3043478260869565,1.0,Starter
528,Philipp Lienhart,DF,at Austria,29,1.de Freiburg,1996,2,2,180,2.0,0,0,0,0,0,0,0,0,0.00,0.00,0.00,0.00,0.00,Matches,302527b2,528,DF,29,1996,2.0,0,0,0,0,0,0,0,1,1,,,0,Matches,302527b2,0.0,1.0,Starter
529,Victor Lindelöf,DFMF,se Sweden,31,1.eng Aston Villa,1994,4,4,356,4.0,0,0,0,0,0,0,0,0,0.00,0.00,0.00,0.00,0.00,Matches,f5deef4c,529,DFMF,31,1994,4.0,0,0,0,3,0,0,0,4,1,,,0,Matches,f5deef4c,0.75,1.0,Starter
530,Erik Lira,MF,mx Mexico,26,1.mx Cruz Azul,2000,4,4,345,3.8,0,1,1,0,0,0,0,0,0.00,0.26,0.26,0.00,0.26,Matches,7b2c24ed,530,MF,26,2000,3.8,0,0,0,3,4,0,2,2,3,,,0,Matches,7b2c24ed,0.7894736842105263,1.0,Starter
531,Dominik Livaković,GK,hr Croatia,31,1.hr Dinamo Zagreb,1995,4,4,360,4.0,0,0,0,0,0,0,0,0,0.00,0.00,0.00,0.00,0.00,Matches,58f077c0,531,GK,31,1995,4.0,0,0,0,0,1,0,0,0,0,,,0,Matches,58f077c0,0.0,1.0,Starter
532,Dailon Livramento,FW,cv Cabo Verde,25,1.pt Casa Pia,2001,3,2,174,1.9,0,0,0,0,0,0,0,0,0.00,0.00,0.00,0.00,0.00,Matches,c115db1e,532,FW,25,2001,1.9,0,0,0,1,1,2,2,0,0,,,0,Matches,c115db1e,0.5263157894736842,0.6666666666666666,Starter
533,Marcos Llorente,DF,es Spain,31,1.es Atlético Madrid,1995,3,2,187,2.1,0,1,1,0,0,0,0,0,0.00,0.48,0.48,0.00,0.48,Matches,02c15616,533,DF,31,1995,2.1,0,0,0,2,1,0,4,1,6,,,0,Matches,02c15616,0.9523809523809523,0.6666666666666666,Starter
535,Jürgen Locadia,FW,cw Curaçao,32,2.us Miami FC,1993,3,3,235,2.6,0,0,0,0,0,0,0,0,0.00,0.00,0.00,0.00,0.00,Matches,6cc47ae1,535,FW,32,1993,2.6,0,0,0,3,4,2,0,1,0,,,0,Matches,6cc47ae1,1.1538461538461537,1.0,Starter
537,Sidny Lopes Cabral,DF,cv Cabo Verde,23,1.pt Benfica,2002,3,3,285,3.2,1,0,1,1,0,0,2,0,0.32,0.00,0.32,0.32,0.32,Matches,20700569,537,DF,23,2002,3.2,2,0,0,2,9,0,12,4,2,,,0,Matches,20700569,0.625,1.0,Starter
539,Derrick Luckassen,DF,gh Ghana,30,1.cy Pafos FC,1995,2,2,180,2.0,1,0,1,1,0,0,0,0,0.50,0.00,0.50,0.50,0.50,Matches,30a09cb5,539,DF,30,1995,2.0,0,0,0,1,2,0,0,0,1,,,0,Matches,30a09cb5,0.5,1.0,Starter
540,Jhon Lucumí,DF,co Colombia,27,1.it Bologna,1998,5,5,478,5.3,0,0,0,0,0,0,1,0,0.00,0.00,0.00,0.00,0.00,Matches,80490d7f,540,DF,27,1998,5.3,1,0,0,5,0,0,0,5,2,,,0,Matches,80490d7f,0.9433962264150944,1.0,Starter
541,José Luis Rodríguez,MFFW,pa Panama,27,1.mx FC Juárez,1998,3,3,233,2.6,0,0,0,0,0,0,0,0,0.00,0.00,0.00,0.00,0.00,Matches,b333b014,541,MFFW,27,1998,2.6,0,0,0,4,2,0,17,0,3,,,0,Matches,b333b014,1.5384615384615383,1.0,Starter
542,Romelu Lukaku,FW,be Belgium,33,1.it Napoli,1993,6,1,233,2.6,3,1,4,3,0,0,1,0,1.16,0.39,1.55,1.16,1.55,Matches,5eae500a,542,FW,33,1993,2.6,1,0,0,2,0,1,0,0,0,,,0,Matches,5eae500a,0.7692307692307692,0.16666666666666666,Non-Starter
543,Dodi Lukebakio,MF,be Belgium,28,1.pt Benfica,1997,3,1,164,1.8,0,0,0,0,0,0,0,0,0.00,0.00,0.00,0.00,0.00,Matches,0c61c77c,543,MF,28,1997,1.8,0,0,0,1,2,0,6,0,1,,,0,Matches,0c61c77c,0.5555555555555556,0.3333333333333333,Non-Starter
546,Alexis Mac Allister,MF,ar Argentina,27,1.eng Liverpool,1998,8,7,750,8.3,1,1,2,1,0,0,1,0,0.12,0.12,0.24,0.12,0.24,Matches,83d074ff,546,MF,27,1998,8.3,1,0,0,9,12,0,2,9,12,,,0,Matches,83d074ff,1.0843373493975903,0.875,Starter
547,Deiver Machado,DF,co Colombia,32,1.fr Nantes,1993,1,1,90,1.0,0,0,0,0,0,0,0,0,0.00,0.00,0.00,0.00,0.00,Matches,b3f8bdef,547,DF,32,1993,1.0,0,0,0,1,2,0,1,2,0,,,0,Matches,b3f8bdef,1.0,1.0,Starter
549,Assim Madibo,MF,qa Qatar,29,1.qa Al-Wakrah,1996,2,2,131,1.5,0,0,0,0,0,0,0,1,0.00,0.00,0.00,0.00,0.00,Matches,2b1d2ada,549,MF,29,1996,1.5,0,1,0,2,1,0,0,4,1,,,0,Matches,2b1d2ada,1.3333333333333333,1.0,Starter
550,Noni Madueke,MF,eng England,24,1.eng Arsenal,2002,5,4,286,3.2,0,0,0,0,0,0,0,0,0.00,0.00,0.00,0.00,0.00,Matches,bf34eebd,550,MF,24,2002,3.2,0,0,0,2,3,1,21,2,4,,,0,Matches,bf34eebd,0.625,0.8,Starter
551,Daizen Maeda,MF,jp Japan,28,1.sct Celtic,1997,3,3,244,2.7,1,0,1,1,0,0,0,0,0.37,0.00,0.37,0.37,0.37,Matches,395451fc,551,MF,28,1997,2.7,0,0,0,2,1,1,3,2,3,,,0,Matches,395451fc,0.7407407407407407,1.0,Starter
552,Gabriel Magalhães,DF,br Brazil,28,1.eng Arsenal,1997,5,5,450,5.0,0,1,1,0,0,0,0,0,0.00,0.20,0.20,0.00,0.20,Matches,67ac5bb8,552,DF,28,1997,5.0,0,0,0,1,3,0,3,4,2,,,0,Matches,67ac5bb8,0.2,1.0,Starter
555,Riyad Mahrez,MF,dz Algeria,35,1.sa Al-Ahli,1991,4,3,262,2.9,2,1,3,2,0,0,0,0,0.69,0.34,1.03,0.69,1.03,Matches,892d5bb1,555,MF,35,1991,2.9,0,0,0,1,7,1,10,1,2,,,0,Matches,892d5bb1,0.3448275862068966,0.75,Starter
557,Mike Maignan,GK,fr France,30,1.it Milan,1995,8,8,720,8.0,0,0,0,0,0,0,0,0,0.00,0.00,0.00,0.00,0.00,Matches,fcb38f57,557,GK,30,1995,8.0,0,0,0,0,2,0,0,0,0,,,0,Matches,fcb38f57,0.0,1.0,Starter
558,Evidence Makgopa,FW,za South Africa,26,1.za Orlando Pirates,2000,4,2,215,2.4,0,0,0,0,0,0,0,0,0.00,0.00,0.00,0.00,0.00,Matches,4d76d03b,558,FW,26,2000,2.4,0,0,0,1,1,2,0,1,1,,,0,Matches,4d76d03b,0.4166666666666667,0.5,Starter
560,Donyell Malen,FW,nl Netherlands,27,1.it Roma,1999,3,3,185,2.1,0,0,0,0,0,0,0,0,0.00,0.00,0.00,0.00,0.00,Matches,116c35df,560,FW,27,1999,2.1,0,0,0,0,2,0,5,0,0,,,0,Matches,116c35df,0.0,1.0,Starter
563,Aïssa Mandi,DF,dz Algeria,34,1.fr Lille,1991,4,4,360,4.0,0,0,0,0,0,0,0,0,0.00,0.00,0.00,0.00,0.00,Matches,fbd6378b,563,DF,34,1991,4.0,0,0,0,0,5,0,0,4,3,,,0,Matches,fbd6378b,0.0,1.0,Starter
564,Sadio Mané,MFFW,sn Senegal,34,1.sa Al-Nassr,1992,4,4,362,4.0,0,1,1,0,0,0,0,0,0.00,0.25,0.25,0.00,0.25,Matches,c691bfe2,564,MFFW,34,1992,4.0,0,0,0,4,10,3,13,3,2,,,0,Matches,c691bfe2,1.0,1.0,Starter
565,Juan Manuel Sanabria,DF,uy Uruguay,26,1.mx Atlético San Luis,2000,3,2,204,2.3,0,0,0,0,0,0,1,0,0.00,0.00,0.00,0.00,0.00,Matches,f1d74479,565,DF,26,2000,2.3,1,0,0,1,0,1,15,1,4,,,0,Matches,f1d74479,0.4347826086956522,0.6666666666666666,Starter
566,Johan Manzambi,MFFW,ch Switzerland,20,1.de Freiburg,2005,4,2,199,2.2,3,2,5,3,0,0,0,0,1.36,0.90,2.26,1.36,2.26,Matches,8fcf0e12,566,MFFW,20,2005,2.2,0,0,0,3,3,1,3,0,0,,,0,Matches,8fcf0e12,1.3636363636363635,0.5,Starter
567,Mahmoud Al-Mardi,MF,jo Jordan,32,1.jo Al-Hussein SC,1993,3,1,130,1.4,0,0,0,0,0,0,0,0,0.00,0.00,0.00,0.00,0.00,Matches,1eedc1ea,567,MF,32,1993,1.4,0,0,0,4,2,0,7,0,1,,,0,Matches,1eedc1ea,2.857142857142857,0.3333333333333333,Non-Starter
569,Omar Marmoush,FWMF,eg Egypt,27,1.eng Manchester City,1999,5,3,326,3.6,0,0,0,0,0,0,0,0,0.00,0.00,0.00,0.00,0.00,Matches,0e0102eb,569,FWMF,27,1999,3.6,0,0,0,3,8,0,5,2,3,,,0,Matches,0e0102eb,0.8333333333333333,0.6,Starter
570,Marquinhos,DF,br Brazil,32,1.fr PSG,1994,5,5,450,5.0,0,0,0,0,0,0,0,0,0.00,0.00,0.00,0.00,0.00,Matches,d5f2f82b,570,DF,32,1994,5.0,0,0,0,0,2,1,1,3,2,,,0,Matches,d5f2f82b,0.0,1.0,Starter
571,Gabriel Martinelli,MF,br Brazil,24,1.eng Arsenal,2001,4,1,143,1.6,1,0,1,1,0,0,0,0,0.63,0.00,0.63,0.63,0.63,Matches,48a5a5d6,571,MF,24,2001,1.6,0,0,0,4,3,0,2,2,0,,,0,Matches,48a5a5d6,2.5,0.25,Non-Starter
573,Cristian Martínez,MFFW,pa Panama,29,1.il Kiryat Shmona,1997,3,3,242,2.7,0,0,0,0,0,0,0,0,0.00,0.00,0.00,0.00,0.00,Matches,fdb15495,573,MFFW,29,1997,2.7,0,0,0,5,5,1,12,1,4,,,0,Matches,fdb15495,1.8518518518518516,1.0,Starter
574,Emiliano Martínez,GK,ar Argentina,33,1.eng Aston Villa,1992,8,8,810,9.0,0,0,0,0,0,0,0,0,0.00,0.00,0.00,0.00,0.00,Matches,7956236f,574,GK,33,1992,9.0,0,0,0,0,1,0,0,0,0,,,0,Matches,7956236f,0.0,1.0,Starter
575,Lautaro Martínez,FW,ar Argentina,28,1.it Inter,1997,7,4,310,3.4,3,1,4,2,1,1,1,0,0.87,0.29,1.16,0.58,0.87,Matches,f7036e1c,575,FW,28,1997,3.4,1,0,0,8,5,2,1,1,1,,,0,Matches,f7036e1c,2.3529411764705883,0.5714285714285714,Starter
576,Lisandro Martínez,DF,ar Argentina,28,1.eng Manchester Utd,1998,7,7,624,6.9,1,1,2,1,0,0,2,0,0.14,0.14,0.29,0.14,0.29,Matches,bac46a10,576,DF,28,1998,6.9,2,0,0,7,4,0,2,6,7,,,0,Matches,bac46a10,1.0144927536231882,1.0,Starter
577,Thapelo Maseko,MFFW,za South Africa,22,1.cy AEL Limassol,2003,3,3,242,2.7,1,0,1,1,0,0,0,0,0.37,0.00,0.37,0.37,0.37,Matches,498d45f7,577,MFFW,22,2003,2.7,0,0,0,4,10,0,2,2,1,,,0,Matches,498d45f7,1.4814814814814814,1.0,Starter
578,Hazem Mastouri,FW,tn Tunisia,28,1.ru D. Makhachkala,1997,1,1,89,1.0,1,0,1,1,0,0,0,0,1.01,0.00,1.01,1.01,1.01,Matches,c88f913e,578,FW,28,1997,1.0,0,0,0,2,2,0,1,1,0,,,0,Matches,c88f913e,2.0,1.0,Starter
579,Arthur Masuaku,DF,cd Congo DR,32,1.fr Lens,1993,4,4,315,3.5,0,1,1,0,0,0,0,0,0.00,0.29,0.29,0.00,0.29,Matches,57df7a11,579,DF,32,1993,3.5,0,0,0,0,4,0,12,0,5,,,0,Matches,57df7a11,0.0,1.0,Starter
580,Igor Matanović,FW,hr Croatia,23,1.de Freiburg,2003,3,0,95,1.1,0,0,0,0,0,0,0,0,0.00,0.00,0.00,0.00,0.00,Matches,948e1292,580,FW,23,2003,1.1,0,0,0,4,3,1,0,0,0,,,0,Matches,948e1292,3.6363636363636362,0.0,Non-Starter
583,Mauricio,MF,py Paraguay,25,1.br Palmeiras,2001,4,0,173,1.9,1,0,1,1,0,0,0,0,0.52,0.00,0.52,0.52,0.52,Matches,bf4cbc22,583,MF,25,2001,1.9,0,0,0,3,3,0,11,1,6,,,0,Matches,bf4cbc22,1.5789473684210527,0.0,Non-Starter
585,Ibrahim Maza,MFFW,dz Algeria,20,1.de Leverkusen,2005,4,4,351,3.9,0,0,0,0,0,0,0,0,0.00,0.00,0.00,0.00,0.00,Matches,89b3bc5e,585,MFFW,20,2005,3.9,0,0,0,1,5,0,1,0,2,,,0,Matches,89b3bc5e,0.25641025641025644,1.0,Starter
586,Noussair Mazraoui,DF,ma Morocco,28,1.eng Manchester Utd,1997,6,5,477,5.3,0,0,0,0,0,0,0,0,0.00,0.00,0.00,0.00,0.00,Matches,b74277a0,586,DF,28,1997,5.3,0,0,0,4,6,0,3,2,8,,,0,Matches,b74277a0,0.7547169811320755,0.8333333333333334,Starter
587,Kylian Mbappé,FW,fr France,27,1.es Real Madrid,1998,8,8,695,7.7,10,4,14,9,1,2,1,0,1.29,0.52,1.81,1.17,1.68,Matches,42fd9c7f,587,FW,27,1998,7.7,1,0,0,6,8,7,4,0,1,,,0,Matches,42fd9c7f,0.7792207792207793,1.0,Starter
588,Thalente Mbatha,MF,za South Africa,26,1.za Orlando Pirates,2000,4,2,260,2.9,0,0,0,0,0,0,1,0,0.00,0.00,0.00,0.00,0.00,Matches,f6272be9,588,MF,26,2000,2.9,1,0,0,4,0,0,4,5,2,,,0,Matches,f6272be9,1.3793103448275863,0.5,Starter
589,Ibrahim Mbaye,MF,sn Senegal,18,1.fr PSG,2008,4,1,157,1.7,1,0,1,1,0,0,0,0,0.57,0.00,0.57,0.57,0.57,Matches,201b4ee4,589,MF,18,2008,1.7,0,0,0,0,2,0,9,1,0,,,0,Matches,201b4ee4,0.0,0.25,Non-Starter
590,Chancel Mbemba,DF,cd Congo DR,31,1.fr Lille,1994,4,4,360,4.0,0,1,1,0,0,0,1,0,0.00,0.25,0.25,0.00,0.25,Matches,e76cb9cc,590,DF,31,1994,4.0,1,0,0,1,3,0,4,1,3,,,0,Matches,e76cb9cc,0.25,1.0,Starter
591,Mbekezeli Mbokazi,DF,za South Africa,20,1.us Chicago Fire,2005,4,4,360,4.0,0,0,0,0,0,0,0,0,0.00,0.00,0.00,0.00,0.00,Matches,13398d42,591,DF,20,2005,4.0,0,0,0,3,5,1,3,4,5,,,0,Matches,13398d42,0.75,1.0,Starter
592,Nathanaël Mbuku,MFFW,cd Congo DR,24,2.fr Montpellier,2002,3,2,143,1.6,0,0,0,0,0,0,1,0,0.00,0.00,0.00,0.00,0.00,Matches,46750e9c,592,MFFW,24,2002,1.6,1,0,0,4,8,0,14,0,3,,,0,Matches,46750e9c,2.5,0.6666666666666666,Starter
593,Callum McCowatt,MF,nz New Zealand,27,1.dk Silkeborg,1999,3,2,159,1.8,0,0,0,0,0,0,1,0,0.00,0.00,0.00,0.00,0.00,Matches,3fc42049,593,MF,27,1999,1.8,1,0,0,4,1,0,3,1,1,,,0,Matches,3fc42049,2.2222222222222223,0.6666666666666666,Starter
594,John McGinn,MF,sct Scotland,31,1.eng Aston Villa,1994,3,3,259,2.9,1,0,1,1,0,0,0,0,0.35,0.00,0.35,0.35,0.35,Matches,90f91999,594,MF,31,1994,2.9,0,0,0,2,11,0,10,0,0,,,0,Matches,90f91999,0.6896551724137931,1.0,Starter
595,Scott McKenna,DF,sct Scotland,29,1.hr Dinamo Zagreb,1996,1,1,90,1.0,0,0,0,0,0,0,0,0,0.00,0.00,0.00,0.00,0.00,Matches,4e5a4cbc,595,DF,29,1996,1.0,0,0,0,0,0,0,0,0,0,,,0,Matches,4e5a4cbc,0.0,1.0,Starter
596,Weston McKennie,MF,us USA,27,1.it Juventus,1998,5,5,443,4.9,0,0,0,0,0,0,1,0,0.00,0.00,0.00,0.00,0.00,Matches,01c3aff5,596,MF,27,1998,4.9,1,0,0,8,2,0,11,7,7,,,0,Matches,01c3aff5,1.6326530612244896,1.0,Starter
597,Mark McKenzie,DF,us USA,27,1.fr Toulouse,1999,1,1,90,1.0,0,0,0,0,0,0,0,0,0.00,0.00,0.00,0.00,0.00,Matches,a5f5d094,597,DF,27,1999,1.0,0,0,0,1,1,0,0,1,1,,,0,Matches,a5f5d094,1.0,1.0,Starter
598,Kenny McLean,MF,sct Scotland,34,2.eng Norwich City,1992,3,1,118,1.3,0,0,0,0,0,0,1,0,0.00,0.00,0.00,0.00,0.00,Matches,471f16b3,598,MF,34,1992,1.3,1,0,0,1,1,0,2,2,1,,,0,Matches,471f16b3,0.7692307692307692,0.3333333333333333,Non-Starter
599,Scott McTominay,MF,sct Scotland,29,1.it Napoli,1996,3,3,270,3.0,0,0,0,0,0,0,0,0,0.00,0.00,0.00,0.00,0.00,Matches,d93c2511,599,MF,29,1996,3.0,0,0,0,3,0,0,0,0,2,,,0,Matches,d93c2511,1.0,1.0,Starter
600,Brandon Mechele,DF,be Belgium,33,1.be Club Brugge,1993,6,6,570,6.3,0,0,0,0,0,0,1,0,0.00,0.00,0.00,0.00,0.00,Matches,0a6dbbf7,600,DF,33,1993,6.3,1,0,0,9,2,0,0,4,4,,,0,Matches,0a6dbbf7,1.4285714285714286,1.0,Starter
601,Facundo Medina,DF,ar Argentina,27,1.fr Marseille,1999,5,3,308,3.4,0,1,1,0,0,0,1,0,0.00,0.29,0.29,0.00,0.29,Matches,6f5ec8bb,601,DF,27,1999,3.4,1,0,0,3,2,1,1,2,7,,,0,Matches,6f5ec8bb,0.8823529411764706,0.6,Starter
603,Hannibal Mejbri,MF,tn Tunisia,23,1.eng Burnley,2003,3,3,270,3.0,0,2,2,0,0,0,0,0,0.00,0.67,0.67,0.00,0.67,Matches,ca22ccb0,603,MF,23,2003,3.0,0,0,0,4,15,0,10,1,4,,,0,Matches,ca22ccb0,1.3333333333333333,1.0,Starter
604,Amar Memić,MF,ba Bosnia–Herz,25,1.cz Viktoria Plzeň,2001,4,2,224,2.5,0,0,0,0,0,0,0,0,0.00,0.00,0.00,0.00,0.00,Matches,918c187c,604,MF,25,2001,2.5,0,0,0,4,3,0,5,2,2,,,0,Matches,918c187c,1.6,0.5,Starter
608,Nuno Mendes,DF,pt Portugal,23,1.fr PSG,2002,5,5,395,4.4,1,0,1,1,0,0,0,0,0.23,0.00,0.23,0.23,0.23,Matches,f20e4cc9,608,DF,23,2002,4.4,0,0,0,3,12,1,19,0,6,,,0,Matches,f20e4cc9,0.6818181818181818,1.0,Starter
609,Ryan Mendes,FWMF,cv Cabo Verde,36,2.tr 76 Iğdır Belediyespor,1990,4,4,330,3.7,0,1,1,0,0,0,0,0,0.00,0.27,0.27,0.00,0.27,Matches,ba6e01ab,609,FWMF,36,1990,3.7,0,0,0,1,2,2,3,5,2,,,0,Matches,ba6e01ab,0.27027027027027023,1.0,Starter
610,Édouard Mendy,GK,sn Senegal,34,1.sa Al-Ahli,1992,2,2,152,1.7,0,0,0,0,0,0,0,0,0.00,0.00,0.00,0.00,0.00,Matches,33887998,610,GK,34,1992,1.7,0,0,0,0,0,0,0,0,0,,,0,Matches,33887998,0.0,1.0,Starter
611,Gideon Mensah,DF,gh Ghana,27,1.fr Auxerre,1998,4,4,360,4.0,0,0,0,0,0,0,0,0,0.00,0.00,0.00,0.00,0.00,Matches,9bdd8118,611,DF,27,1998,4.0,0,0,0,2,3,0,3,8,5,,,0,Matches,9bdd8118,0.5,1.0,Starter
612,Mikel Merino,MF,es Spain,29,1.eng Arsenal,1996,8,1,199,2.2,2,0,2,2,0,0,0,0,0.90,0.00,0.90,0.90,0.90,Matches,d080ed5e,612,MF,29,1996,2.2,0,0,0,6,8,0,1,3,2,,,0,Matches,d080ed5e,2.727272727272727,0.125,Non-Starter
613,Lionel Messi,FW,ar Argentina,38,1.us Inter Miami,1987,8,7,740,8.2,8,4,12,8,0,2,0,0,0.97,0.49,1.46,0.97,1.46,Matches,d70ce98e,613,FW,38,1987,8.2,0,0,0,3,20,5,54,0,10,,,0,Matches,d70ce98e,0.3658536585365854,0.875,Starter
614,Connor Metcalfe,MF,au Australia,26,1.de St Pauli,1999,4,3,315,3.5,1,0,1,1,0,0,0,0,0.29,0.00,0.29,0.29,0.29,Matches,73ce4d7d,614,MF,26,1999,3.5,0,0,0,1,0,0,8,2,5,,,0,Matches,73ce4d7d,0.2857142857142857,0.75,Starter
615,Thomas Meunier,DF,be Belgium,34,1.fr Lille,1991,3,2,190,2.1,0,1,1,0,0,0,0,0,0.00,0.47,0.47,0.00,0.47,Matches,e162b013,615,DF,34,1991,2.1,0,0,0,9,0,0,7,2,2,,,0,Matches,e162b013,4.285714285714286,0.6666666666666666,Starter
616,Liam Millar,MF,ca Canada,26,2.eng Hull City,1999,3,2,162,1.8,0,0,0,0,0,0,1,0,0.00,0.00,0.00,0.00,0.00,Matches,983515f8,616,MF,26,1999,1.8,1,0,0,3,1,0,10,0,4,,,0,Matches,983515f8,1.6666666666666665,0.6666666666666666,Starter
617,Kim Min-jae,DF,kr Korea Republic,29,1.de Bayern Munich,1996,3,3,245,2.7,0,0,0,0,0,0,0,0,0.00,0.00,0.00,0.00,0.00,Matches,e0f8151c,617,DF,29,1996,2.7,0,0,0,2,1,0,0,2,2,,,0,Matches,e0f8151c,0.7407407407407407,1.0,Starter
620,Aubrey Modiba,DF,za South Africa,30,1.za Sundowns,1995,4,4,346,3.8,0,0,0,0,0,0,1,0,0.00,0.00,0.00,0.00,0.00,Matches,bb1f97f2,620,DF,30,1995,3.8,1,0,0,4,6,2,11,4,5,,,0,Matches,bb1f97f2,1.0526315789473684,1.0,Starter
621,Luka Modrić,MF,hr Croatia,40,1.it Milan,1985,4,4,317,3.5,0,1,1,0,0,0,1,0,0.00,0.28,0.28,0.00,0.28,Matches,6025fab1,621,MF,40,1985,3.5,1,0,0,4,3,0,11,0,3,,,0,Matches,6025fab1,1.1428571428571428,1.0,Starter
622,Relebohile Mofokeng,MF,za South Africa,21,1.za Orlando Pirates,2004,3,2,169,1.9,0,0,0,0,0,0,0,0,0.00,0.00,0.00,0.00,0.00,Matches,25c3fb97,622,MF,21,2004,1.9,0,0,0,3,2,0,2,0,2,,,0,Matches,25c3fb97,1.5789473684210527,0.6666666666666666,Starter
623,Shahriar Moghanlou,FW,ir IR Iran,31,1.ae Al-Ittihad Kalba,1994,3,1,88,1.0,0,0,0,0,0,0,0,0,0.00,0.00,0.00,0.00,0.00,Matches,92f69be8,623,FW,31,1994,1.0,0,0,0,1,1,1,2,0,2,,,0,Matches,92f69be8,1.0,0.3333333333333333,Non-Starter
624,Milad Mohammadi,DF,ir IR Iran,32,1.ir Persepolis,1993,3,2,205,2.3,0,0,0,0,0,0,0,0,0.00,0.00,0.00,0.00,0.00,Matches,740a0e28,624,DF,32,1993,2.3,0,0,0,1,1,2,3,2,4,,,0,Matches,740a0e28,0.4347826086956522,0.6666666666666666,Starter
625,Mohammad Mohebi,MF,ir IR Iran,27,1.ru Rostov,1998,3,3,244,2.7,1,0,1,1,0,0,0,0,0.37,0.00,0.37,0.37,0.37,Matches,7b6b53c3,625,MF,27,1998,2.7,0,0,0,1,1,0,1,1,1,,,0,Matches,7b6b53c3,0.37037037037037035,1.0,Starter
626,Johan Mojica,DF,co Colombia,33,1.es Mallorca,1992,4,4,390,4.3,0,0,0,0,0,0,1,0,0.00,0.00,0.00,0.00,0.00,Matches,608f2092,626,DF,33,1992,4.3,1,0,0,1,7,1,11,3,3,,,0,Matches,608f2092,0.23255813953488372,1.0,Starter
627,Teboho Mokoena,MF,za South Africa,29,1.za Sundowns,1997,3,3,270,3.0,1,0,1,0,1,1,2,0,0.33,0.00,0.33,0.00,0.00,Matches,00029b1e,627,MF,29,1997,3.0,2,0,0,3,6,0,5,5,3,,,0,Matches,00029b1e,1.0,1.0,Starter
628,Nahuel Molina,DF,ar Argentina,28,1.es Atlético Madrid,1998,7,5,528,5.9,0,0,0,0,0,0,0,0,0.00,0.00,0.00,0.00,0.00,Matches,23610943,628,DF,28,1998,5.9,0,0,0,3,0,1,5,8,3,,,0,Matches,23610943,0.5084745762711864,0.7142857142857143,Starter
629,Jamiro Monteiro,MF,cv Cabo Verde,32,1.nl Zwolle,1993,4,3,281,3.1,0,0,0,0,0,0,0,0,0.00,0.00,0.00,0.00,0.00,Matches,d384bddd,629,MF,32,1993,3.1,0,0,0,4,2,0,7,4,4,,,0,Matches,d384bddd,1.2903225806451613,0.75,Starter
630,César Montes,DF,mx Mexico,29,1.ru Loko Moscow,1997,4,4,314,3.5,0,0,0,0,0,0,0,1,0.00,0.00,0.00,0.00,0.00,Matches,28e957d7,630,DF,29,1997,3.5,0,1,0,4,3,0,2,2,1,,,0,Matches,28e957d7,1.1428571428571428,1.0,Starter
631,Gonzalo Montiel,DF,ar Argentina,29,1.ar River Plate,1997,6,2,192,2.1,0,1,1,0,0,0,1,0,0.00,0.47,0.47,0.00,0.47,Matches,374d5158,631,DF,29,1997,2.1,1,0,0,4,2,0,4,3,3,,,0,Matches,374d5158,1.9047619047619047,0.3333333333333333,Non-Starter
633,Gilberto Mora,MF,mx Mexico,17,1.mx Tijuana,2008,4,3,213,2.4,0,0,0,0,0,0,0,0,0.00,0.00,0.00,0.00,0.00,Matches,69c9ffe8,633,MF,17,2008,2.4,0,0,0,3,3,0,4,2,2,,,0,Matches,69c9ffe8,1.25,0.75,Starter
635,Steven Moreira,DF,cv Cabo Verde,31,1.us Columbus Crew,1994,4,3,301,3.3,0,0,0,0,0,0,0,0,0.00,0.00,0.00,0.00,0.00,Matches,f10983ae,635,DF,31,1994,3.3,0,0,0,0,2,0,4,2,3,,,0,Matches,f10983ae,0.0,0.75,Starter
637,Orlando Mosquera,GK,pa Panama,31,1.sa Al-Fayha,1994,3,3,270,3.0,0,0,0,0,0,0,0,0,0.00,0.00,0.00,0.00,0.00,Matches,ea34d827,637,GK,31,1994,3.0,0,0,0,0,0,0,0,0,0,,,0,Matches,ea34d827,0.0,1.0,Starter
639,Samuel Moutoussamy,MF,cd Congo DR,29,1.gr Atromitos,1996,4,4,330,3.7,0,0,0,0,0,0,1,0,0.00,0.00,0.00,0.00,0.00,Matches,af0c835b,639,MF,29,1996,3.7,1,0,0,8,1,0,1,1,8,,,0,Matches,af0c835b,2.162162162162162,1.0,Starter
640,Akmal Mozgovoy,MF,uz Uzbekistan,27,1.uz Pakhtakor Tashkent FK,1999,3,2,216,2.4,0,1,1,0,0,0,0,0,0.00,0.42,0.42,0.00,0.42,Matches,114cb95b,640,MF,27,1999,2.4,0,0,0,0,3,0,0,2,0,,,0,Matches,114cb95b,0.0,0.6666666666666666,Starter
641,Lionel Mpasi,GK,cd Congo DR,31,1.fr Le Havre,1994,4,4,360,4.0,0,0,0,0,0,0,0,0,0.00,0.00,0.00,0.00,0.00,Matches,5c6b0637,641,GK,31,1994,4.0,0,0,0,0,0,0,0,0,0,,,0,Matches,5c6b0637,0.0,1.0,Starter
642,Khuliso Mudau,DF,za South Africa,31,1.za Sundowns,1995,4,4,360,4.0,0,0,0,0,0,0,0,0,0.00,0.00,0.00,0.00,0.00,Matches,75388f92,642,DF,31,1995,4.0,0,0,0,4,10,1,3,11,8,,,0,Matches,75388f92,1.0,1.0,Starter
643,Tarik Muharemovic,DF,ba Bosnia–Herz,23,1.it Sassuolo,2003,3,3,259,2.9,0,0,0,0,0,0,0,1,0.00,0.00,0.00,0.00,0.00,Matches,426dda23,643,DF,23,2003,2.9,0,1,0,5,2,0,1,8,1,,,0,Matches,426dda23,1.7241379310344829,1.0,Starter
644,Miro Muheim,DFMF,ch Switzerland,28,1.de Hamburger SV,1998,3,0,87,1.0,0,0,0,0,0,0,1,0,0.00,0.00,0.00,0.00,0.00,Matches,844c6a91,644,DFMF,28,1998,1.0,1,0,0,1,3,0,2,2,1,,,0,Matches,844c6a91,1.0,0.0,Non-Starter
645,Ngal'Ayel Mukau,MF,cd Congo DR,21,1.fr Lille,2004,4,3,195,2.2,0,0,0,0,0,0,0,0,0.00,0.00,0.00,0.00,0.00,Matches,bb461b8a,645,MF,21,2004,2.2,0,0,0,3,4,1,0,3,2,,,0,Matches,bb461b8a,1.3636363636363635,0.75,Starter
646,Mert Müldür,DF,tr Türkiye,27,1.tr Fenerbahçe,1999,3,1,101,1.1,0,0,0,0,0,0,0,0,0.00,0.00,0.00,0.00,0.00,Matches,1295552e,646,DF,27,1999,1.1,0,0,0,1,2,0,6,1,2,,,0,Matches,1295552e,0.9090909090909091,0.3333333333333333,Non-Starter
647,Daniel Muñoz,DF,co Colombia,30,1.eng Crystal Palace,1996,5,4,394,4.4,2,0,2,2,0,0,0,0,0.46,0.00,0.46,0.46,0.46,Matches,778ef829,647,DF,30,1996,4.4,0,0,0,9,1,3,8,7,3,,,0,Matches,778ef829,2.0454545454545454,0.8,Starter
648,Petar Musa,FW,hr Croatia,28,1.us FC Dallas,1998,2,2,110,1.2,1,0,1,1,0,0,0,0,0.82,0.00,0.82,0.82,0.82,Matches,4567a0b4,648,FW,28,1998,1.2,0,0,0,1,1,0,0,0,0,,,0,Matches,4567a0b4,0.8333333333333334,1.0,Starter
649,Jamal Musiala,MF,de Germany,23,1.de Bayern Munich,2003,4,3,270,3.0,1,0,1,1,0,0,1,0,0.33,0.00,0.33,0.33,0.33,Matches,2c0558b8,649,MF,23,2003,3.0,1,0,0,5,11,0,5,1,5,,,0,Matches,2c0558b8,1.6666666666666667,0.75,Starter
650,Fernando Muslera,GK,uy Uruguay,39,1.tr Galatasaray,1986,3,3,225,2.5,0,0,0,0,0,0,0,0,0.00,0.00,0.00,0.00,0.00,Matches,a2abe631,650,GK,39,1986,2.5,0,0,0,0,0,0,0,0,0,,,0,Matches,a2abe631,0.0,1.0,Starter
651,Phillipp Mwene,DF,at Austria,32,1.de Mainz 05,1994,2,2,147,1.6,0,0,0,0,0,0,0,0,0.00,0.00,0.00,0.00,0.00,Matches,2ff76adc,651,DF,32,1994,1.6,0,0,0,1,1,0,6,3,0,,,0,Matches,2ff76adc,0.625,1.0,Starter
652,David Møller Wolfe,DF,no Norway,24,1.eng Wolves,2002,5,5,430,4.8,0,1,1,0,0,0,0,0,0.00,0.21,0.21,0.00,0.21,Matches,9affc5f2,652,DF,24,2002,4.8,0,0,0,7,2,0,5,3,3,,,0,Matches,9affc5f2,1.4583333333333335,1.0,Starter
654,Keito Nakamura,MF,jp Japan,25,2.fr Reims,2000,4,4,307,3.4,1,1,2,1,0,0,0,0,0.29,0.29,0.59,0.29,0.59,Matches,d97af612,654,MF,25,2000,3.4,0,0,0,3,1,1,9,1,3,,,0,Matches,d97af612,0.8823529411764706,1.0,Starter
655,Abdallah Nasib,DF,jo Jordan,32,1.iq Al-Zawra'a SC,1994,3,3,260,2.9,0,0,0,0,0,0,0,0,0.00,0.00,0.00,0.00,0.00,Matches,aaab3072,655,DF,32,1994,2.9,0,0,0,1,1,0,0,7,3,,,0,Matches,aaab3072,0.3448275862068966,1.0,Starter
656,Sherzod Nasrullaev,DFMF,uz Uzbekistan,27,1.uz FC Nasaf,1998,3,3,180,2.0,0,0,0,0,0,0,1,0,0.00,0.00,0.00,0.00,0.00,Matches,aeb0c7f7,656,DFMF,27,1998,2.0,1,0,0,3,2,0,3,2,2,,,0,Matches,aeb0c7f7,1.5,1.0,Starter
658,Iliman Ndiaye,FW,sn Senegal,26,1.eng Everton,2000,3,1,114,1.3,1,2,3,1,0,0,0,0,0.79,1.58,2.37,0.79,2.37,Matches,5ed97752,658,FW,26,2000,1.3,0,0,0,2,1,0,2,2,0,,,0,Matches,5ed97752,1.5384615384615383,0.3333333333333333,Non-Starter
659,Dan Ndoye,MFFW,ch Switzerland,25,1.eng Nottingham,2000,6,5,406,4.5,2,0,2,2,0,0,0,0,0.44,0.00,0.44,0.44,0.44,Matches,8e697a8f,659,MFFW,25,2000,4.5,0,0,0,5,16,4,11,4,5,,,0,Matches,8e697a8f,1.1111111111111112,0.8333333333333334,Starter
661,Ali Nemati,DF,ir IR Iran,30,1.ir Foolad,1996,3,3,270,3.0,0,0,0,0,0,0,1,0,0.00,0.00,0.00,0.00,0.00,Matches,19a221f7,661,DF,30,1996,3.0,1,0,0,3,0,1,2,0,2,,,0,Matches,19a221f7,1.0,1.0,Starter
662,Abduvohid Nematov,GK,uz Uzbekistan,25,1.uz FC Nasaf,2001,2,2,180,2.0,0,0,0,0,0,0,0,0,0.00,0.00,0.00,0.00,0.00,Matches,25e45f2a,662,GK,25,2001,2.0,0,0,0,0,0,0,0,0,0,,,1,Matches,25e45f2a,0.0,1.0,Starter
663,Pedro Neto,MF,pt Portugal,26,1.eng Chelsea,2000,5,5,350,3.9,0,1,1,0,0,0,0,0,0.00,0.26,0.26,0.00,0.26,Matches,7ba2eaa9,663,MF,26,2000,3.9,0,0,0,4,4,0,13,0,2,,,0,Matches,7ba2eaa9,1.0256410256410258,1.0,Starter
664,Manuel Neuer,GK,de Germany,40,1.de Bayern Munich,1986,4,4,390,4.3,0,0,0,0,0,0,0,0,0.00,0.00,0.00,0.00,0.00,Matches,8778c910,664,GK,40,1986,4.3,0,0,0,0,2,0,0,0,0,,,0,Matches,8778c910,0.0,1.0,Starter
665,João Neves,MF,pt Portugal,21,1.fr PSG,2004,5,4,390,4.3,1,0,1,1,0,0,0,0,0.23,0.00,0.23,0.23,0.23,Matches,c2a15a27,665,MF,21,2004,4.3,0,0,0,1,4,0,2,4,7,,,0,Matches,c2a15a27,0.23255813953488372,0.8,Starter
668,Nathan Ngoy,DF,be Belgium,23,1.fr Lille,2003,4,4,335,3.7,0,0,0,0,0,0,0,1,0.00,0.00,0.00,0.00,0.00,Matches,eb7abf2e,668,DF,23,2003,3.7,0,1,0,6,1,0,0,7,4,,,0,Matches,eb7abf2e,1.6216216216216215,1.0,Starter
669,Moussa Niakhaté,DF,sn Senegal,30,1.fr Lyon,1996,4,4,390,4.3,0,1,1,0,0,0,0,0,0.00,0.23,0.23,0.00,0.23,Matches,00242715,669,DF,30,1996,4.3,0,0,0,3,6,0,2,4,1,,,0,Matches,00242715,0.6976744186046512,1.0,Starter
671,Felix Nmecha,MF,de Germany,25,1.de Dortmund,2000,4,4,270,3.0,1,1,2,1,0,0,0,0,0.33,0.33,0.67,0.33,0.67,Matches,091c86e2,671,MF,25,2000,3.0,0,0,0,3,3,0,2,2,9,,,0,Matches,091c86e2,1.0,1.0,Starter
672,Kristoffer Nordfeldt,GK,se Sweden,36,1.se AIK Stockholm,1989,2,2,180,2.0,0,0,0,0,0,0,0,0,0.00,0.00,0.00,0.00,0.00,Matches,78549904,672,GK,36,1989,2.0,0,0,0,0,0,0,0,0,0,,,0,Matches,78549904,0.0,1.0,Starter
674,Ernest Nuamah,MF,gh Ghana,22,1.fr Lyon,2003,3,1,89,1.0,0,1,1,0,0,0,0,0,0.00,1.01,1.01,0.00,1.01,Matches,234a703c,674,MF,22,2003,1.0,0,0,0,2,2,0,1,0,1,,,0,Matches,234a703c,2.0,0.3333333333333333,Non-Starter
676,Darwin Núñez,FW,uy Uruguay,26,1.sa Al-Hilal,1999,3,2,156,1.7,0,0,0,0,0,0,0,0,0.00,0.00,0.00,0.00,0.00,Matches,4d77b365,676,FW,26,1999,1.7,0,0,0,1,1,2,1,2,1,,,0,Matches,4d77b365,0.5882352941176471,0.6666666666666666,Starter
677,Antonio Nusa,FW,no Norway,21,1.de RB Leipzig,2005,6,4,318,3.5,1,0,1,1,0,0,1,0,0.28,0.00,0.28,0.28,0.28,Matches,4ab12002,677,FW,21,2005,3.5,1,0,0,1,5,2,7,2,2,,,0,Matches,4ab12002,0.2857142857142857,0.6666666666666666,Starter
678,Benjamin Nygren,MF,se Sweden,24,1.sct Celtic,2001,4,2,130,1.4,0,0,0,0,0,0,0,0,0.00,0.00,0.00,0.00,0.00,Matches,d6ebf67f,678,MF,24,2001,1.4,0,0,0,3,0,0,5,0,0,,,0,Matches,d6ebf67f,2.142857142857143,0.5,Starter
679,Ørjan Nyland,GK,no Norway,35,1.es Sevilla,1990,5,5,480,5.3,0,0,0,0,0,0,0,0,0.00,0.00,0.00,0.00,0.00,Matches,bdedffac,679,GK,35,1990,5.3,0,0,0,0,0,0,0,1,0,,,0,Matches,bdedffac,0.0,1.0,Starter
680,Aiden O'Neill,MF,au Australia,27,1.us NYCFC,1998,4,4,360,4.0,0,0,0,0,0,0,0,0,0.00,0.00,0.00,0.00,0.00,Matches,c7aee75b,680,MF,27,1998,4.0,0,0,0,2,8,0,10,2,2,,,0,Matches,c7aee75b,0.5,1.0,Starter
681,Nico O'Reilly,DF,eng England,21,1.eng Manchester City,2005,7,5,461,5.1,0,0,0,0,0,0,1,0,0.00,0.00,0.00,0.00,0.00,Matches,91ca4a16,681,DF,21,2005,5.1,1,0,0,6,4,0,4,5,3,,,0,Matches,91ca4a16,1.1764705882352942,0.7142857142857143,Starter
683,Armando Obispo,DF,cw Curaçao,27,1.nl PSV,1999,3,3,270,3.0,0,0,0,0,0,0,0,0,0.00,0.00,0.00,0.00,0.00,Matches,2ffa6348,683,DF,27,1999,3.0,0,0,0,1,0,1,0,7,1,,,0,Matches,2ffa6348,0.3333333333333333,1.0,Starter
688,Ime Okon,DF,za South Africa,22,2.de Hannover 96,2004,4,4,360,4.0,0,0,0,0,0,0,0,0,0.00,0.00,0.00,0.00,0.00,Matches,3cb58055,688,DF,22,2004,4.0,0,0,0,1,0,0,0,5,2,,,0,Matches,3cb58055,0.25,1.0,Starter
689,Paul Okon-Engstler,MF,au Australia,21,1.au Sydney FC,2005,4,2,197,2.2,0,1,1,0,0,0,0,0,0.00,0.46,0.46,0.00,0.46,Matches,ecd6464a,689,MF,21,2005,2.2,0,0,0,3,2,0,2,5,2,,,0,Matches,ecd6464a,1.3636363636363635,0.5,Starter
690,Ben Old,MF,nz New Zealand,23,2.fr Saint-Étienne,2002,3,0,93,1.0,0,0,0,0,0,0,0,0,0.00,0.00,0.00,0.00,0.00,Matches,e14e818c,690,MF,23,2002,1.0,0,0,0,0,1,0,1,1,0,,,0,Matches,e14e818c,0.0,0.0,Non-Starter
691,Michael Olise,MF,fr France,24,1.de Bayern Munich,2001,8,8,646,7.2,0,7,7,0,0,0,1,0,0.00,0.98,0.98,0.00,0.98,Matches,c4486bac,691,MF,24,2001,7.2,1,0,0,5,16,0,22,3,8,,,0,Matches,c4486bac,0.6944444444444444,1.0,Starter
692,Mathías Olivera,DF,uy Uruguay,28,1.it Napoli,1997,3,3,270,3.0,0,0,0,0,0,0,1,0,0.00,0.00,0.00,0.00,0.00,Matches,41c12f75,692,DF,28,1997,3.0,1,0,0,3,0,0,5,2,4,,,0,Matches,41c12f75,1.0,1.0,Starter
693,Dani Olmo,MF,es Spain,28,1.es Barcelona,1998,8,6,491,5.5,0,2,2,0,0,0,0,0,0.00,0.37,0.37,0.00,0.37,Matches,ae44e8e2,693,MF,28,1998,5.5,0,0,0,6,10,0,1,1,5,,,0,Matches,ae44e8e2,1.0909090909090908,0.75,Starter
694,Tani Oluwaseyi,FW,ca Canada,26,1.es Villarreal,2000,5,3,259,2.9,0,0,0,0,0,0,0,0,0.00,0.00,0.00,0.00,0.00,Matches,950ef017,694,FW,26,2000,2.9,0,0,0,5,5,1,2,0,3,,,0,Matches,950ef017,1.7241379310344829,0.6,Starter
695,Ali Olwan,MF,jo Jordan,26,1.qa Al-Sailiya SC,2000,3,3,268,3.0,1,0,1,1,0,0,0,0,0.34,0.00,0.34,0.34,0.34,Matches,33c1d68d,695,MF,26,2000,3.0,0,0,0,1,4,1,5,1,0,,,0,Matches,33c1d68d,0.3333333333333333,1.0,Starter
696,Amadou Onana,MF,be Belgium,24,1.eng Aston Villa,2001,4,2,106,1.2,0,0,0,0,0,0,0,0,0.00,0.00,0.00,0.00,0.00,Matches,828657ff,696,MF,24,2001,1.2,0,0,0,1,3,0,0,2,2,,,0,Matches,828657ff,0.8333333333333334,0.5,Starter
697,Christopher Opéri,DF,ci Côte d'Ivoire,29,1.tr Başakşehir,1997,1,1,90,1.0,0,0,0,0,0,0,0,0,0.00,0.00,0.00,0.00,0.00,Matches,914bb955,697,DF,29,1997,1.0,0,0,0,2,0,0,2,1,2,,,0,Matches,914bb955,2.0,1.0,Starter
698,Jerome Opoku,DF,gh Ghana,27,1.tr Başakşehir,1998,3,3,270,3.0,0,0,0,0,0,0,0,0,0.00,0.00,0.00,0.00,0.00,Matches,091d6ee5,698,DF,27,1998,3.0,0,0,0,2,4,0,0,1,2,,,0,Matches,091d6ee5,0.6666666666666666,1.0,Starter
699,Joel Ordóñez,DF,ec Ecuador,22,1.be Club Brugge,2004,3,3,225,2.5,0,0,0,0,0,0,0,0,0.00,0.00,0.00,0.00,0.00,Matches,2990a15c,699,DF,22,2004,2.5,0,0,0,1,1,0,0,1,5,,,0,Matches,2990a15c,0.4,1.0,Starter
701,Nicolás Otamendi,DF,ar Argentina,38,1.pt Benfica,1988,7,1,247,2.7,0,0,0,0,0,0,0,0,0.00,0.00,0.00,0.00,0.00,Matches,0d267745,701,DF,38,1988,2.7,0,0,0,4,4,1,0,6,2,,,0,Matches,0d267745,1.4814814814814814,0.14285714285714285,Non-Starter
703,Ayoub Al-Oui,DF,qa Qatar,21,1.qa Al-Gharafa Sports Club,2005,2,2,149,1.7,0,0,0,0,0,0,0,0,0.00,0.00,0.00,0.00,0.00,Matches,010e5bae,703,DF,21,2005,1.7,0,0,0,1,0,0,0,2,0,,,0,Matches,010e5bae,0.5882352941176471,1.0,Starter
704,Azzedine Ounahi,MF,ma Morocco,26,1.es Girona,2000,6,5,435,4.8,2,0,2,2,0,0,1,0,0.41,0.00,0.41,0.41,0.41,Matches,83299cc0,704,MF,26,2000,4.8,1,0,0,3,7,0,4,1,1,,,0,Matches,83299cc0,0.625,0.8333333333333334,Starter
705,Mohammed Al-Owais,GK,sa Saudi Arabia,34,1.sa Al-Ula,1991,3,3,270,3.0,0,0,0,0,0,0,0,0,0.00,0.00,0.00,0.00,0.00,Matches,f2c060c6,705,GK,34,1991,3.0,0,0,0,0,1,0,0,0,0,,,0,Matches,f2c060c6,0.0,1.0,Starter
706,Elisha Owusu,MF,gh Ghana,28,1.fr Auxerre,1997,3,2,151,1.7,0,0,0,0,0,0,0,0,0.00,0.00,0.00,0.00,0.00,Matches,e2781082,706,MF,28,1997,1.7,0,0,0,2,0,0,3,0,3,,,0,Matches,e2781082,1.1764705882352942,0.6666666666666666,Starter
707,Mikel Oyarzabal,FW,es Spain,29,1.es Real Sociedad,1997,8,8,601,6.7,5,1,6,4,1,1,0,0,0.75,0.15,0.90,0.60,0.75,Matches,8c3c640c,707,FW,29,1997,6.7,0,0,0,4,5,1,3,1,5,,,0,Matches,8c3c640c,0.5970149253731343,1.0,Starter
708,Salih Özcan,MF,tr Türkiye,28,1.de Dortmund,1998,2,1,100,1.1,0,0,0,0,0,0,0,0,0.00,0.00,0.00,0.00,0.00,Matches,15413fa5,708,MF,28,1998,1.1,0,0,0,2,2,0,1,4,1,,,0,Matches,15413fa5,1.8181818181818181,0.5,Starter
709,Willian Pacho,DF,ec Ecuador,24,1.fr PSG,2001,4,4,360,4.0,0,0,0,0,0,0,0,0,0.00,0.00,0.00,0.00,0.00,Matches,ecbe2839,709,DF,24,2001,4.0,0,0,0,3,2,0,0,8,2,,,0,Matches,ecbe2839,0.75,1.0,Starter
711,Exequiel Palacios,DF,ar Argentina,27,1.de Leverkusen,1998,1,1,90,1.0,0,0,0,0,0,0,0,0,0.00,0.00,0.00,0.00,0.00,Matches,e82adcab,711,DF,27,1998,1.0,0,0,0,1,1,0,0,5,0,,,0,Matches,e82adcab,1.0,1.0,Starter
712,Lucas Paquetá,MF,br Brazil,28,1.br Flamengo,1997,4,4,233,2.6,0,1,1,0,0,0,0,0,0.00,0.39,0.39,0.00,0.39,Matches,9b6f7fd5,712,MF,28,1997,2.6,0,0,0,3,6,0,5,5,4,,,0,Matches,9b6f7fd5,1.1538461538461537,1.0,Starter
713,Leandro Paredes,MF,ar Argentina,31,1.ar Boca Juniors,1994,7,4,473,5.3,0,0,0,0,0,0,2,0,0.00,0.00,0.00,0.00,0.00,Matches,dff153a4,713,MF,31,1994,5.3,2,0,0,9,3,0,2,5,6,,,0,Matches,dff153a4,1.6981132075471699,0.5714285714285714,Starter
714,Thomas Partey,MF,gh Ghana,33,1.es Villarreal,1993,3,3,270,3.0,0,0,0,0,0,0,0,0,0.00,0.00,0.00,0.00,0.00,Matches,529f49ab,714,MF,33,1993,3.0,0,0,0,2,5,0,0,6,4,,,0,Matches,529f49ab,0.6666666666666666,1.0,Starter
715,Marco Pašalić,MF,hr Croatia,25,1.us Orlando City,2000,3,1,99,1.1,0,0,0,0,0,0,0,0,0.00,0.00,0.00,0.00,0.00,Matches,1866b0f1,715,MF,25,2000,1.1,0,0,0,0,2,2,11,1,2,,,0,Matches,1866b0f1,0.0,0.3333333333333333,Non-Starter
716,Mario Pašalić,MF,hr Croatia,31,1.it Atalanta,1995,4,1,123,1.4,0,0,0,0,0,0,0,0,0.00,0.00,0.00,0.00,0.00,Matches,e599253a,716,MF,31,1995,1.4,0,0,0,2,0,1,1,1,1,,,0,Matches,e599253a,1.4285714285714286,0.25,Non-Starter
717,Nathan Patterson,DF,sct Scotland,24,1.eng Everton,2001,3,2,185,2.1,0,0,0,0,0,0,0,0,0.00,0.00,0.00,0.00,0.00,Matches,230f0471,717,DF,24,2001,2.1,0,0,0,2,0,0,1,3,2,,,0,Matches,230f0471,0.9523809523809523,0.6666666666666666,Starter
718,João Paulo Fernandes,DF,cv Cabo Verde,28,1.ro FCSB,1998,2,1,105,1.2,0,0,0,0,0,0,0,0,0.00,0.00,0.00,0.00,0.00,Matches,afcac9da,718,DF,28,1998,1.2,0,0,0,0,4,0,5,6,1,,,0,Matches,afcac9da,0.0,0.5,Starter
719,Aleksandar Pavlovic,MF,de Germany,22,1.de Bayern Munich,2004,4,4,272,3.0,0,0,0,0,0,0,1,0,0.00,0.00,0.00,0.00,0.00,Matches,2658c82f,719,MF,22,2004,3.0,1,0,0,13,4,0,1,2,3,,,0,Matches,2658c82f,4.333333333333333,1.0,Starter
720,Tim Payne,DF,nz New Zealand,32,1.au Wellington,1994,3,3,224,2.5,0,1,1,0,0,0,0,0,0.00,0.40,0.40,0.00,0.40,Matches,4e86877c,720,DF,32,1994,2.5,0,0,0,2,2,0,10,1,3,,,0,Matches,4e86877c,0.8,1.0,Starter
722,Marcus Pedersen,DF,no Norway,25,1.it Torino,2000,4,1,236,2.6,1,0,1,1,0,0,0,0,0.38,0.00,0.38,0.38,0.38,Matches,596cc50e,722,DF,25,2000,2.6,0,0,0,3,1,0,6,0,2,,,0,Matches,596cc50e,1.1538461538461537,0.25,Non-Starter
723,Pedri,MF,es Spain,23,1.es Barcelona,2002,8,5,499,5.5,0,0,0,0,0,0,1,0,0.00,0.00,0.00,0.00,0.00,Matches,0d9b2d31,723,MF,23,2002,5.5,1,0,0,4,5,1,13,10,8,,,0,Matches,0d9b2d31,0.7272727272727273,0.625,Starter
724,Nicolas Pépé,FW,ci Côte d'Ivoire,31,1.es Villarreal,1995,4,3,234,2.6,2,1,3,2,0,0,1,0,0.77,0.38,1.15,0.77,1.15,Matches,57e3f0c7,724,FW,31,1995,2.6,1,0,0,1,1,1,10,3,0,,,0,Matches,57e3f0c7,0.3846153846153846,0.75,Starter
725,Ricardo Pepi,FW,us USA,23,1.nl PSV,2003,5,2,204,2.3,0,0,0,0,0,0,0,0,0.00,0.00,0.00,0.00,0.00,Matches,a2b1ed42,725,FW,23,2003,2.3,0,0,0,5,3,2,0,1,1,,,0,Matches,a2b1ed42,2.173913043478261,0.4,Non-Starter
727,Ivan Perišić,MFDF,hr Croatia,37,1.nl PSV,1989,4,4,360,4.0,1,1,2,1,0,0,2,0,0.25,0.25,0.50,0.25,0.50,Matches,6fe90922,727,MFDF,37,1989,4.0,2,0,0,4,1,0,20,4,4,,,0,Matches,6fe90922,1.0,1.0,Starter
730,Jordan Pickford,GK,eng England,32,1.eng Everton,1994,7,7,660,7.3,0,0,0,0,0,0,0,0,0.00,0.00,0.00,0.00,0.00,Matches,4806ec67,730,GK,32,1994,7.3,0,0,0,0,4,0,0,0,0,,,0,Matches,4806ec67,0.0,1.0,Starter
731,Pico,DF,cv Cabo Verde,33,1.ie Shamrock,1992,4,4,390,4.3,0,0,0,0,0,0,0,0,0.00,0.00,0.00,0.00,0.00,Matches,faef0f92,731,DF,33,1992,4.3,0,0,0,0,3,0,0,7,5,,,0,Matches,faef0f92,0.0,1.0,Starter
732,Frantzdy Pierrot,FW,ht Haiti,31,1.tr Rizespor,1995,3,2,143,1.6,0,0,0,0,0,0,1,0,0.00,0.00,0.00,0.00,0.00,Matches,307877be,732,FW,31,1995,1.6,1,0,0,5,4,2,0,0,0,,,0,Matches,307877be,3.125,0.6666666666666666,Starter
733,Kevin Pina,MF,cv Cabo Verde,29,1.ru Krasnodar,1997,4,4,349,3.9,1,0,1,1,0,0,1,0,0.26,0.00,0.26,0.26,0.26,Matches,296026ae,733,MF,29,1997,3.9,1,0,0,5,3,0,2,3,7,,,0,Matches,296026ae,1.2820512820512822,1.0,Starter
734,Wagner Pina,DF,cv Cabo Verde,23,1.tr Trabzonspor,2002,1,1,89,1.0,0,0,0,0,0,0,1,0,0.00,0.00,0.00,0.00,0.00,Matches,9bf22b95,734,DF,23,2002,1.0,1,0,0,1,3,0,2,1,0,,,0,Matches,9bf22b95,1.0,1.0,Starter
738,Johny Placide,GK,ht Haiti,38,2.fr Bastia,1988,3,3,270,3.0,0,0,0,0,0,0,1,0,0.00,0.00,0.00,0.00,0.00,Matches,f1666a9d,738,GK,38,1988,3.0,1,0,0,0,0,0,0,0,0,,,0,Matches,f1666a9d,0.0,1.0,Starter
739,Gonzalo Plata,FW,ec Ecuador,25,1.br Flamengo,2000,4,4,360,4.0,1,0,1,1,0,0,1,0,0.25,0.00,0.25,0.25,0.25,Matches,54bcdeb0,739,FW,25,2000,4.0,1,0,0,5,4,0,8,2,5,,,0,Matches,54bcdeb0,1.25,1.0,Starter
740,Marin Pongračić,DF,hr Croatia,28,1.it Fiorentina,1997,3,3,270,3.0,0,0,0,0,0,0,0,0,0.00,0.00,0.00,0.00,0.00,Matches,2a6cd437,740,DF,28,1997,3.0,0,0,0,3,0,0,0,0,3,,,0,Matches,2a6cd437,1.0,1.0,Starter
742,Pedro Porro,DF,es Spain,26,1.eng Tottenham,1999,6,6,563,6.3,2,0,2,2,0,0,0,0,0.32,0.00,0.32,0.32,0.32,Matches,27d0a506,742,DF,26,1999,6.3,0,0,0,10,9,0,24,8,11,,,0,Matches,27d0a506,1.5873015873015874,1.0,Starter
743,Stefan Posch,DF,at Austria,29,1.de Mainz 05,1997,4,4,331,3.7,0,0,0,0,0,0,2,0,0.00,0.00,0.00,0.00,0.00,Matches,7f609bfc,743,DF,29,1997,3.7,2,0,0,7,3,0,3,10,4,,,0,Matches,7f609bfc,1.8918918918918919,1.0,Starter
745,Ángelo Preciado,DFMF,ec Ecuador,28,1.br Atlético Mineiro,1998,4,0,109,1.2,0,0,0,0,0,0,0,0,0.00,0.00,0.00,0.00,0.00,Matches,eadc8e4f,745,DFMF,28,1998,1.2,0,0,0,0,1,0,7,3,1,,,0,Matches,eadc8e4f,0.0,0.0,Non-Starter
746,Ruben Providence,MF,ht Haiti,24,2.nl Almere City,2001,3,3,220,2.4,0,0,0,0,0,0,0,0,0.00,0.00,0.00,0.00,0.00,Matches,26bab383,746,MF,24,2001,2.4,0,0,0,3,5,0,6,0,2,,,0,Matches,26bab383,1.25,1.0,Starter
747,Lukáš Provod,FW,cz Czechia,29,1.cz Slavia Prague,1996,3,1,122,1.4,0,0,0,0,0,0,0,0,0.00,0.00,0.00,0.00,0.00,Matches,8f21b7bd,747,FW,29,1996,1.4,0,0,0,2,1,1,5,1,3,,,0,Matches,8f21b7bd,1.4285714285714286,0.3333333333333333,Non-Starter
749,Gustavo Puerta,MF,co Colombia,22,2.es Racing Sant,2003,5,5,469,5.2,0,1,1,0,0,0,1,0,0.00,0.19,0.19,0.00,0.19,Matches,2c08cab0,749,MF,22,2003,5.2,1,0,0,9,8,0,2,3,3,,,0,Matches,2c08cab0,1.7307692307692306,1.0,Starter
750,Christian Pulisic,MF,us USA,27,1.it Milan,1998,4,3,223,2.5,0,1,1,0,0,0,0,0,0.00,0.40,0.40,0.00,0.40,Matches,1bf33a9a,750,MF,27,1998,2.5,0,0,0,1,8,2,4,0,1,,,0,Matches,1bf33a9a,0.4,0.75,Starter
751,Ahmed Qasem,MFFW,iq Iraq,22,1.us Nashville SC,2003,3,2,123,1.4,0,0,0,0,0,0,0,0,0.00,0.00,0.00,0.00,0.00,Matches,27219ecb,751,MFFW,22,2003,1.4,0,0,0,0,1,0,1,0,0,,,0,Matches,27219ecb,0.0,0.6666666666666666,Starter
752,Jarell Quansah,DF,eng England,23,1.de Leverkusen,2003,3,3,197,2.2,0,0,0,0,0,0,1,1,0.00,0.00,0.00,0.00,0.00,Matches,4125cb98,752,DF,23,2003,2.2,1,1,0,2,2,0,1,0,0,,,0,Matches,4125cb98,0.9090909090909091,1.0,Starter
753,Julián Quiñones,FWMF,mx Mexico,29,1.sa Al-Qadsiah,1997,5,5,410,4.6,4,1,5,4,0,0,0,0,0.88,0.22,1.10,0.88,1.10,Matches,5535c728,753,FWMF,29,1997,4.6,0,0,0,5,7,1,3,0,0,,,0,Matches,5535c728,1.0869565217391306,1.0,Starter
755,Juan Quintero,FWMF,co Colombia,33,1.ar River Plate,1993,4,0,121,1.3,0,1,1,0,0,0,0,0,0.00,0.74,0.74,0.00,0.74,Matches,540d0b37,755,FWMF,33,1993,1.3,0,0,0,0,1,0,12,0,0,,,0,Matches,540d0b37,0.0,0.0,Non-Starter
756,Ramy Rabia,DF,eg Egypt,33,1.ae Al Ain,1993,5,3,372,4.1,0,0,0,0,0,0,0,0,0.00,0.00,0.00,0.00,0.00,Matches,e32afa36,756,DF,33,1993,4.1,0,0,0,3,2,0,0,3,5,,,0,Matches,e32afa36,0.7317073170731708,0.6,Starter
757,Adrien Rabiot,MF,fr France,31,1.it Milan,1995,7,7,585,6.5,0,1,1,0,0,0,1,0,0.00,0.15,0.15,0.00,0.15,Matches,8794e251,757,MF,31,1995,6.5,1,0,0,13,4,1,2,11,7,,,0,Matches,8794e251,2.0,1.0,Starter
758,Stjepan Radeljić,DF,ba Bosnia–Herz,28,1.hr Rijeka,1997,2,2,180,2.0,0,0,0,0,0,0,1,0,0.00,0.00,0.00,0.00,0.00,Matches,30e03a25,758,DF,28,1997,2.0,1,0,0,1,3,0,0,0,1,,,0,Matches,30e03a25,0.5,1.0,Starter
759,Soufiane Rahimi,FW,ma Morocco,30,1.ae Al Ain,1996,6,0,163,1.8,2,1,3,2,0,0,0,0,1.10,0.55,1.66,1.10,1.66,Matches,f126a259,759,FW,30,1996,1.8,0,0,0,5,6,2,1,0,2,,,0,Matches,f126a259,2.7777777777777777,0.0,Non-Starter
763,Jiovany Ramos,DF,pa Panama,29,1.ve Puerto Cabello,1997,2,2,166,1.8,0,0,0,0,0,0,0,0,0.00,0.00,0.00,0.00,0.00,Matches,30cda59f,763,DF,29,1997,1.8,0,0,0,2,1,0,0,3,1,,,0,Matches,30cda59f,1.1111111111111112,1.0,Starter
765,Raúl Rangel,GK,mx Mexico,26,1.mx Guadalajara,2000,5,5,437,4.9,0,0,0,0,0,0,0,0,0.00,0.00,0.00,0.00,0.00,Matches,15f733fb,765,GK,26,2000,4.9,0,0,0,1,0,0,0,0,0,,,0,Matches,15f733fb,0.2040816326530612,1.0,Starter
766,Raphinha,MFFW,br Brazil,29,1.es Barcelona,1996,2,2,129,1.4,0,0,0,0,0,0,0,0,0.00,0.00,0.00,0.00,0.00,Matches,3423f250,766,MFFW,29,1996,1.4,0,0,0,1,2,2,9,0,0,,,0,Matches,3423f250,0.7142857142857143,1.0,Starter
767,Nizar Al Rashdan,MF,jo Jordan,27,1.qa Qatar SC,1999,3,3,255,2.8,1,0,1,1,0,0,0,0,0.35,0.00,0.35,0.35,0.35,Matches,feaa0ffd,767,MF,27,1999,2.8,0,0,0,5,4,0,0,2,5,,,0,Matches,feaa0ffd,1.7857142857142858,1.0,Starter
768,Marcus Rashford,MF,eng England,28,1.es Barcelona,1997,6,3,223,2.5,1,1,2,1,0,0,0,0,0.40,0.40,0.81,0.40,0.81,Matches,a1d5bd30,768,MF,28,1997,2.5,0,0,0,5,1,1,17,0,2,,,0,Matches,a1d5bd30,2.0,0.5,Starter
769,Nicolas Raskin,MF,be Belgium,25,1.sct Rangers,2001,6,3,341,3.8,0,2,2,0,0,0,0,0,0.00,0.53,0.53,0.00,0.53,Matches,dba1f190,769,MF,25,2001,3.8,0,0,0,12,3,0,7,2,5,,,0,Matches,dba1f190,3.1578947368421053,0.5,Starter
770,David Raum,DF,de Germany,28,1.de RB Leipzig,1998,2,1,108,1.2,0,0,0,0,0,0,0,0,0.00,0.00,0.00,0.00,0.00,Matches,7d450ed3,770,DF,28,1998,1.2,0,0,0,2,0,0,13,1,1,,,0,Matches,7d450ed3,1.6666666666666667,0.5,Starter
771,Noor Al Rawabdeh,MF,jo Jordan,29,1.my Selangor FA,1997,3,3,270,3.0,0,1,1,0,0,0,0,0,0.00,0.33,0.33,0.00,0.33,Matches,3bb06c86,771,MF,29,1997,3.0,0,0,0,1,0,0,0,2,7,,,0,Matches,3bb06c86,0.3333333333333333,1.0,Starter
772,Rayan,FWMF,br Brazil,19,1.eng Bournemouth,2006,4,3,288,3.2,0,1,1,0,0,0,0,0,0.00,0.31,0.31,0.00,0.31,Matches,288647fc,772,FWMF,19,2006,3.2,0,0,0,5,4,1,11,3,4,,,0,Matches,288647fc,1.5625,0.75,Starter
773,Iqraam Rayners,FW,za South Africa,30,1.za Sundowns,1995,4,2,161,1.8,0,0,0,0,0,0,0,0,0.00,0.00,0.00,0.00,0.00,Matches,190b0d5e,773,FW,30,1995,1.8,0,0,0,1,1,2,2,0,0,,,0,Matches,190b0d5e,0.5555555555555556,0.5,Starter
774,Tim Ream,DF,us USA,38,1.us Charlotte,1987,4,4,360,4.0,0,0,0,0,0,0,0,0,0.00,0.00,0.00,0.00,0.00,Matches,28b40c9c,774,DF,38,1987,4.0,0,0,0,0,2,0,0,6,1,,,0,Matches,28b40c9c,0.0,1.0,Starter
775,Tijjani Reijnders,MF,nl Netherlands,27,1.eng Manchester City,1998,3,3,199,2.2,0,1,1,0,0,0,0,0,0.00,0.45,0.45,0.00,0.45,Matches,afb61630,775,MF,27,1998,2.2,0,0,0,0,3,1,15,2,0,,,0,Matches,afb61630,0.0,1.0,Starter
776,Omar Rekik,DF,tn Tunisia,24,1.si NK Maribor,2001,2,2,180,2.0,1,0,1,1,0,0,0,0,0.50,0.00,0.50,0.50,0.50,Matches,e69e0f7b,776,DF,24,2001,2.0,0,0,0,0,1,1,1,3,2,,,0,Matches,e69e0f7b,0.0,1.0,Starter
777,Israel Reyes,DF,mx Mexico,26,1.mx América,2000,4,2,202,2.2,0,0,0,0,0,0,0,0,0.00,0.00,0.00,0.00,0.00,Matches,0db8bbc4,777,DF,26,2000,2.2,0,0,0,1,0,0,2,3,1,,,0,Matches,0db8bbc4,0.45454545454545453,0.5,Starter
778,Gio Reyna,MF,us USA,23,1.de Gladbach,2002,5,1,131,1.5,1,0,1,1,0,0,0,0,0.69,0.00,0.69,0.69,0.69,Matches,7fa4e703,778,MF,23,2002,1.5,0,0,0,1,3,0,1,0,0,,,0,Matches,7fa4e703,0.6666666666666666,0.2,Non-Starter
779,Ramin Rezaeian,DFMF,ir IR Iran,36,1.ir Foolad,1990,3,3,270,3.0,2,1,3,2,0,0,0,0,0.67,0.33,1.00,0.67,1.00,Matches,c0ae3446,779,DFMF,36,1990,3.0,0,0,0,2,3,1,18,2,5,,,0,Matches,c0ae3446,0.6666666666666666,1.0,Starter
780,Chadi Riad,DF,ma Morocco,22,1.eng Crystal Palace,2003,4,4,344,3.8,0,1,1,0,0,0,0,0,0.00,0.26,0.26,0.00,0.26,Matches,b3b9b8b8,780,DF,22,2003,3.8,0,0,0,0,1,0,0,4,1,,,0,Matches,b3b9b8b8,0.0,1.0,Starter
781,Declan Rice,MF,eng England,27,1.eng Arsenal,1999,7,7,557,6.2,1,2,3,1,0,0,2,0,0.16,0.32,0.48,0.16,0.48,Matches,1c7012b8,781,MF,27,1999,6.2,2,0,0,4,0,1,44,5,3,,,0,Matches,1c7012b8,0.6451612903225806,1.0,Starter
782,Chris Richards,DF,us USA,26,1.eng Crystal Palace,2000,4,4,360,4.0,0,0,0,0,0,0,1,0,0.00,0.00,0.00,0.00,0.00,Matches,0a3d6d2b,782,DF,26,2000,4.0,1,0,0,8,3,0,0,4,3,,,0,Matches,0a3d6d2b,2.0,1.0,Starter
783,Fabian Rieder,MFFW,ch Switzerland,24,1.de Augsburg,2002,5,3,302,3.4,0,0,0,0,0,0,0,0,0.00,0.00,0.00,0.00,0.00,Matches,c2bd8585,783,MFFW,24,2002,3.4,0,0,0,3,6,0,13,1,3,,,0,Matches,c2bd8585,0.8823529411764706,0.6,Starter
784,Richard Ríos,MF,co Colombia,26,1.pt Benfica,2000,5,0,140,1.6,0,0,0,0,0,0,1,0,0.00,0.00,0.00,0.00,0.00,Matches,72da065d,784,MF,26,2000,1.6,1,0,0,10,4,0,1,1,2,,,0,Matches,72da065d,6.25,0.0,Non-Starter
785,Ró-Ró,DF,qa Qatar,35,1.qa Al Sadd,1990,3,3,270,3.0,0,0,0,0,0,0,0,0,0.00,0.00,0.00,0.00,0.00,Matches,8735fe66,785,DF,35,1990,3.0,0,0,0,1,7,0,2,3,4,,,0,Matches,8735fe66,0.3333333333333333,1.0,Starter
786,Andy Robertson,DF,sct Scotland,32,1.eng Liverpool,1994,3,3,225,2.5,0,0,0,0,0,0,1,0,0.00,0.00,0.00,0.00,0.00,Matches,2e4f5f03,786,DF,32,1994,2.5,1,0,0,3,1,0,10,2,1,,,0,Matches,2e4f5f03,1.2,1.0,Starter
787,Antonee Robinson,DFMF,us USA,28,1.eng Fulham,1997,4,4,348,3.9,0,0,0,0,0,0,1,0,0.00,0.00,0.00,0.00,0.00,Matches,289601e6,787,DFMF,28,1997,3.9,1,0,0,4,1,0,18,6,4,,,0,Matches,289601e6,1.0256410256410258,1.0,Starter
788,Miles Robinson,DF,us USA,29,1.us FC Cincinnati,1997,1,1,90,1.0,0,0,0,0,0,0,0,0,0.00,0.00,0.00,0.00,0.00,Matches,782a95d9,788,DF,29,1997,1.0,0,0,0,2,0,0,0,1,1,,,0,Matches,782a95d9,2.0,1.0,Starter
790,Rodri,MF,es Spain,29,1.eng Manchester City,1996,8,8,724,8.0,0,0,0,0,0,0,0,0,0.00,0.00,0.00,0.00,0.00,Matches,6434f10d,790,MF,29,1996,8.0,0,0,0,11,9,1,4,3,20,,,0,Matches,6434f10d,1.375,1.0,Starter
793,James Rodríguez,FWMF,co Colombia,34,1.us Minnesota Utd,1991,5,5,313,3.5,0,0,0,0,0,0,0,0,0.00,0.00,0.00,0.00,0.00,Matches,715bf047,793,FWMF,34,1991,3.5,0,0,0,0,5,0,18,1,1,,,0,Matches,715bf047,0.0,1.0,Starter
794,Kevin Rodríguez,FW,ec Ecuador,26,1.be Union SG,2000,4,0,118,1.3,0,1,1,0,0,0,0,0,0.00,0.76,0.76,0.00,0.76,Matches,189fb038,794,FW,26,2000,1.3,0,0,0,3,2,0,0,0,1,,,0,Matches,189fb038,2.3076923076923075,0.0,Non-Starter
795,Ricardo Rodríguez,DF,ch Switzerland,33,1.es Real Betis,1992,6,6,517,5.7,0,1,1,0,0,0,0,0,0.00,0.17,0.17,0.00,0.17,Matches,7f78ad23,795,DF,33,1992,5.7,0,0,0,11,2,0,19,4,7,,,0,Matches,7f78ad23,1.9298245614035088,1.0,Starter
798,Morgan Rogers,MF,eng England,23,1.eng Aston Villa,2002,7,3,339,3.8,0,1,1,0,0,0,0,0,0.00,0.27,0.27,0.00,0.27,Matches,2e5915f1,798,MF,23,2002,3.8,0,0,0,5,5,2,5,0,3,,,0,Matches,2e5915f1,1.3157894736842106,0.42857142857142855,Non-Starter
799,Cristian Romero,DF,ar Argentina,28,1.eng Tottenham,1998,7,7,608,6.8,1,0,1,1,0,0,2,0,0.15,0.00,0.15,0.15,0.15,Matches,a3d94a58,799,DF,28,1998,6.8,2,0,0,9,3,0,0,11,10,,,0,Matches,a3d94a58,1.3235294117647058,1.0,Starter
800,Luis Romo,MF,mx Mexico,31,1.mx Guadalajara,1995,4,4,264,2.9,1,1,2,1,0,0,0,0,0.34,0.34,0.68,0.34,0.68,Matches,e590bb10,800,MF,31,1995,2.9,0,0,0,1,3,0,1,4,4,,,0,Matches,e590bb10,0.3448275862068966,1.0,Starter
801,Cristiano Ronaldo,FW,pt Portugal,41,1.sa Al-Nassr,1985,5,5,440,4.9,3,0,3,2,1,1,0,0,0.61,0.00,0.61,0.41,0.41,Matches,dea698d9,801,FW,41,1985,4.9,0,0,0,2,5,6,0,1,1,,,0,Matches,dea698d9,0.4081632653061224,1.0,Starter
802,Eloy Room,GK,cw Curaçao,37,2.us Miami FC,1989,3,3,270,3.0,0,0,0,0,0,0,0,0,0.00,0.00,0.00,0.00,0.00,Matches,6b33d86b,802,GK,37,1989,3.0,0,0,0,0,0,0,0,0,0,,,0,Matches,6b33d86b,0.0,1.0,Starter
805,Antonio Rüdiger,DF,de Germany,33,1.es Real Madrid,1993,4,2,262,2.9,0,0,0,0,0,0,0,0,0.00,0.00,0.00,0.00,0.00,Matches,18b896d6,805,DF,33,1993,2.9,0,0,0,1,0,0,3,0,0,,,0,Matches,18b896d6,0.3448275862068966,0.5,Starter
806,Fabián Ruiz Peña,MF,es Spain,30,1.fr PSG,1996,8,4,321,3.6,1,0,1,1,0,0,0,0,0.28,0.00,0.28,0.28,0.28,Matches,c0c7ff58,806,MF,30,1996,3.6,0,0,0,1,3,0,9,4,3,,,0,Matches,c0c7ff58,0.2777777777777778,0.5,Starter
808,Julian Ryerson,DF,no Norway,28,1.de Dortmund,1997,4,4,223,2.5,0,0,0,0,0,0,0,0,0.00,0.00,0.00,0.00,0.00,Matches,009a4f60,808,DF,28,1997,2.5,0,0,0,6,1,0,15,0,8,,,0,Matches,009a4f60,2.4,1.0,Starter
809,Elias Saad,MFFW,tn Tunisia,26,2.de Hannover 96,1999,2,2,116,1.3,0,0,0,0,0,0,0,0,0.00,0.00,0.00,0.00,0.00,Matches,78a2284f,809,MFFW,26,1999,1.3,0,0,0,1,3,1,2,0,1,,,0,Matches,78a2284f,0.7692307692307692,1.0,Starter
813,Marcel Sabitzer,MF,at Austria,32,1.de Dortmund,1994,4,4,360,4.0,1,0,1,1,0,0,1,0,0.25,0.00,0.25,0.25,0.25,Matches,e280527c,813,MF,32,1994,4.0,1,0,0,2,3,1,31,6,2,,,0,Matches,e280527c,0.5,1.0,Starter
814,Noah Sadiki,MF,cd Congo DR,21,1.eng Sunderland,2004,4,2,259,2.9,0,0,0,0,0,0,2,0,0.00,0.00,0.00,0.00,0.00,Matches,645481cc,814,MF,21,2004,2.9,2,0,0,2,3,0,1,2,4,,,0,Matches,645481cc,0.6896551724137931,0.5,Starter
815,Michal Sadílek,MF,cz Czechia,27,1.cz Slavia Prague,1999,3,2,183,2.0,1,0,1,1,0,0,0,0,0.49,0.00,0.49,0.49,0.49,Matches,7c9fa389,815,MF,27,1999,2.0,0,0,0,0,3,0,12,2,2,,,0,Matches,7c9fa389,0.0,0.6666666666666666,Starter
817,Ismael Saibari,FW,ma Morocco,25,1.nl PSV,2001,5,5,381,4.2,3,0,3,3,0,0,0,0,0.71,0.00,0.71,0.71,0.71,Matches,3ec9f005,817,FW,25,2001,4.2,0,0,0,8,3,3,5,0,2,,,0,Matches,3ec9f005,1.9047619047619047,1.0,Starter
818,Bukayo Saka,MF,eng England,24,1.eng Arsenal,2001,7,3,358,4.0,3,3,6,2,1,1,0,0,0.75,0.75,1.51,0.50,1.26,Matches,bc7dc64d,818,MF,24,2001,4.0,0,0,0,4,9,4,21,1,7,,,0,Matches,bc7dc64d,1.0,0.42857142857142855,Non-Starter
819,Mohamed Salah,FWMF,eg Egypt,33,1.eng Liverpool,1992,5,5,425,4.7,1,2,3,1,0,0,0,0,0.21,0.42,0.64,0.21,0.64,Matches,e342ad68,819,FWMF,33,1992,4.7,0,0,0,5,13,1,14,2,0,,,0,Matches,e342ad68,1.0638297872340425,1.0,Starter
820,Anass Salah-Eddine,DF,ma Morocco,24,1.nl PSV,2002,4,2,212,2.4,0,0,0,0,0,0,0,0,0.00,0.00,0.00,0.00,0.00,Matches,0d274394,820,DF,24,2002,2.4,0,0,0,3,2,0,3,0,5,,,0,Matches,0d274394,1.25,0.5,Starter
821,Nathan Saliba,MF,ca Canada,22,1.be Anderlecht,2004,3,2,182,2.0,1,2,3,1,0,0,1,0,0.49,0.99,1.48,0.49,1.48,Matches,44cfc681,821,MF,22,2004,2.0,1,0,0,5,2,0,2,4,4,,,0,Matches,44cfc681,2.5,0.6666666666666666,Starter
822,William Saliba,DF,fr France,25,1.eng Arsenal,2001,6,6,479,5.3,0,0,0,0,0,0,0,0,0.00,0.00,0.00,0.00,0.00,Matches,972aeb2a,822,DF,25,2001,5.3,0,0,0,4,0,0,0,6,0,,,0,Matches,972aeb2a,0.7547169811320755,1.0,Starter
825,Davinson Sánchez,DF,co Colombia,30,1.tr Galatasaray,1996,5,5,480,5.3,0,0,0,0,0,0,1,0,0.00,0.00,0.00,0.00,0.00,Matches,da7b447d,825,DF,30,1996,5.3,1,0,0,6,5,1,0,6,2,,,0,Matches,da7b447d,1.1320754716981132,1.0,Starter
826,Jorge Sánchez,DF,mx Mexico,28,1.gr PAOK,1997,4,4,348,3.9,0,1,1,0,0,0,1,0,0.00,0.26,0.26,0.00,0.26,Matches,c8d1c3a5,826,DF,28,1997,3.9,1,0,0,5,1,1,6,5,4,,,0,Matches,c8d1c3a5,1.2820512820512822,1.0,Starter
828,Leroy Sané,MF,de Germany,30,1.tr Galatasaray,1996,4,4,326,3.6,1,0,1,1,0,0,0,0,0.28,0.00,0.28,0.28,0.28,Matches,2b114be3,828,MF,30,1996,3.6,0,0,0,3,2,1,10,2,3,,,0,Matches,2b114be3,0.8333333333333333,1.0,Starter
829,Ibrahim Sangaré,MF,ci Côte d'Ivoire,28,1.eng Nottingham,1997,4,3,268,3.0,0,1,1,0,0,0,0,0,0.00,0.34,0.34,0.00,0.34,Matches,bced0375,829,MF,28,1997,3.0,0,0,0,2,4,0,0,6,5,,,0,Matches,bced0375,0.6666666666666666,0.75,Starter
830,Kaishū Sano,MF,jp Japan,25,1.de Mainz 05,2000,3,3,270,3.0,1,1,2,1,0,0,1,0,0.33,0.33,0.67,0.33,0.67,Matches,7a7a6361,830,MF,25,2000,3.0,1,0,0,4,1,0,1,4,2,,,0,Matches,7a7a6361,1.3333333333333333,1.0,Starter
832,Douglas Santos,DF,br Brazil,32,1.ru Zenit,1994,5,5,441,4.9,0,0,0,0,0,0,1,0,0.00,0.00,0.00,0.00,0.00,Matches,c50e5bba,832,DF,32,1994,4.9,1,0,0,3,2,1,6,6,10,,,0,Matches,c50e5bba,0.6122448979591836,1.0,Starter
834,Ismaila Sarr,MFFW,sn Senegal,28,1.eng Crystal Palace,1998,4,4,364,4.0,4,1,5,4,0,0,0,0,0.99,0.25,1.24,0.99,1.24,Matches,bfdb33aa,834,MFFW,28,1998,4.0,0,0,0,1,9,2,2,2,1,,,0,Matches,bfdb33aa,0.25,1.0,Starter
837,Joe Scally,DF,us USA,23,1.de Gladbach,2002,2,1,87,1.0,0,0,0,0,0,0,0,0,0.00,0.00,0.00,0.00,0.00,Matches,236f02cd,837,DF,23,2002,1.0,0,0,0,0,2,1,4,1,1,,,0,Matches,236f02cd,0.0,0.5,Starter
838,Patrik Schick,FW,cz Czechia,30,1.de Leverkusen,1996,3,2,180,2.0,0,0,0,0,0,0,0,0,0.00,0.00,0.00,0.00,0.00,Matches,5d4f7d61,838,FW,30,1996,2.0,0,0,0,1,3,0,0,0,0,,,0,Matches,5d4f7d61,0.5,0.6666666666666666,Starter
839,Andreas Schjelderup,FW,no Norway,22,1.pt Benfica,2004,6,2,252,2.8,1,3,4,1,0,0,0,0,0.36,1.07,1.43,0.36,1.43,Matches,a427724f,839,FW,22,2004,2.8,0,0,0,2,3,0,4,5,3,,,0,Matches,a427724f,0.7142857142857143,0.3333333333333333,Non-Starter
840,Alexander Schlager,GK,at Austria,30,1.at RB Salzburg,1996,4,4,360,4.0,0,0,0,0,0,0,0,0,0.00,0.00,0.00,0.00,0.00,Matches,6fe5c35b,840,GK,30,1996,4.0,0,0,0,0,1,0,0,0,0,,,0,Matches,6fe5c35b,0.0,1.0,Starter
841,Xaver Schlager,MF,at Austria,28,1.de RB Leipzig,1997,4,4,238,2.6,0,1,1,0,0,0,0,0,0.00,0.38,0.38,0.00,0.38,Matches,8f056768,841,MF,28,1997,2.6,0,0,0,6,0,0,1,7,3,,,0,Matches,8f056768,2.3076923076923075,1.0,Starter
842,Nico Schlotterbeck,DF,de Germany,26,1.de Dortmund,1999,2,2,135,1.5,1,0,1,1,0,0,0,0,0.67,0.00,0.67,0.67,0.67,Matches,34e12499,842,DF,26,1999,1.5,0,0,0,2,1,0,0,3,2,,,0,Matches,34e12499,1.3333333333333333,1.0,Starter
843,Romano Schmid,MFFW,at Austria,26,1.de Werder Bremen,2000,4,4,263,2.9,1,0,1,1,0,0,0,0,0.34,0.00,0.34,0.34,0.34,Matches,220ace7e,843,MFFW,26,2000,2.9,0,0,0,3,4,0,3,0,4,,,0,Matches,220ace7e,1.0344827586206897,1.0,Starter
847,Nicolas Seiwald,MF,at Austria,25,1.de RB Leipzig,2001,4,4,315,3.5,0,0,0,0,0,0,0,0,0.00,0.00,0.00,0.00,0.00,Matches,28c6e925,847,MF,25,2001,3.5,0,0,0,1,1,0,3,4,5,,,0,Matches,28c6e925,0.2857142857142857,1.0,Starter
848,Ayumu Seko,DF,jp Japan,26,1.fr Le Havre,2000,2,1,86,1.0,0,0,0,0,0,0,0,0,0.00,0.00,0.00,0.00,0.00,Matches,5c6a4059,848,DF,26,2000,1.0,0,0,0,1,0,0,0,1,1,,,0,Matches,5c6a4059,1.0,0.5,Starter
849,Egil Selvik,GK,no Norway,28,2.eng Watford,1997,1,1,90,1.0,0,0,0,0,0,0,0,0,0.00,0.00,0.00,0.00,0.00,Matches,05d89c1c,849,GK,28,1997,1.0,0,0,0,0,0,0,0,0,0,,,0,Matches,05d89c1c,0.0,1.0,Starter
851,Nélson Semedo,DFMF,pt Portugal,32,1.tr Fenerbahçe,1993,4,0,127,1.4,0,0,0,0,0,0,1,0,0.00,0.00,0.00,0.00,0.00,Matches,d04b94db,851,DFMF,32,1993,1.4,1,0,0,2,2,0,3,0,0,,,0,Matches,d04b94db,1.4285714285714286,0.0,Non-Starter
852,Willy Semedo,FW,cv Cabo Verde,32,1.cy AC Omonia,1994,3,1,131,1.5,0,0,0,0,0,0,0,0,0.00,0.00,0.00,0.00,0.00,Matches,d1edc98f,852,FW,32,1994,1.5,0,0,0,4,2,0,2,3,0,,,0,Matches,d1edc98f,2.6666666666666665,0.3333333333333333,Non-Starter
853,Antoine Semenyo,MFFW,gh Ghana,26,1.eng Manchester City,2000,4,4,360,4.0,0,0,0,0,0,0,0,0,0.00,0.00,0.00,0.00,0.00,Matches,efd2ec23,853,MFFW,26,2000,4.0,0,0,0,6,4,4,5,0,2,,,0,Matches,efd2ec23,1.5,1.0,Starter
854,Marvin Senaya,DF,gh Ghana,25,1.fr Auxerre,2001,4,4,278,3.1,0,0,0,0,0,0,0,0,0.00,0.00,0.00,0.00,0.00,Matches,1d383c10,854,DF,25,2001,3.1,0,0,0,6,4,0,8,6,12,,,0,Matches,1d383c10,1.9354838709677418,1.0,Starter
855,Marcos Senesi,DF,ar Argentina,29,1.eng Bournemouth,1997,2,1,109,1.2,0,0,0,0,0,0,0,0,0.00,0.00,0.00,0.00,0.00,Matches,35141f4c,855,DF,29,1997,1.2,0,0,0,0,3,0,0,2,0,,,0,Matches,35141f4c,0.0,0.5,Starter
858,Kim Seung-gyu,GK,kr Korea Republic,35,1.jp FC Tokyo,1990,3,3,270,3.0,0,0,0,0,0,0,0,0,0.00,0.00,0.00,0.00,0.00,Matches,eabaafa6,858,GK,35,1990,3.0,0,0,0,0,0,0,0,0,0,,,0,Matches,eabaafa6,0.0,1.0,Starter
859,Paik Seung-ho,MF,kr Korea Republic,29,2.eng Birmingham City,1997,3,3,204,2.3,0,0,0,0,0,0,1,0,0.00,0.00,0.00,0.00,0.00,Matches,1e1bea09,859,MF,29,1997,2.3,1,0,0,1,2,0,1,1,0,,,0,Matches,1e1bea09,0.4347826086956522,1.0,Starter
861,Jacob Shaffelburg,MF,ca Canada,26,1.us LAFC,1999,5,0,92,1.0,0,0,0,0,0,0,0,0,0.00,0.00,0.00,0.00,0.00,Matches,339a2561,861,MF,26,1999,1.0,0,0,0,2,1,0,18,2,1,,,0,Matches,339a2561,2.0,0.0,Non-Starter
862,Mohammed Abu Al-Shamat,MF,sa Saudi Arabia,23,1.sa Al-Qadsiah,2002,3,1,136,1.5,0,0,0,0,0,0,0,0,0.00,0.00,0.00,0.00,0.00,Matches,dd65e243,862,MF,23,2002,1.5,0,0,0,2,1,0,3,1,3,,,0,Matches,dd65e243,1.3333333333333333,0.3333333333333333,Non-Starter
863,Lawrence Shankland,FW,sct Scotland,30,1.sct Hearts,1995,2,2,171,1.9,0,0,0,0,0,0,0,0,0.00,0.00,0.00,0.00,0.00,Matches,63b1a176,863,FW,30,1995,1.9,0,0,0,5,3,1,0,0,1,,,0,Matches,63b1a176,2.6315789473684212,1.0,Starter
867,Mostafa Shobeir,GK,eg Egypt,26,1.eg Al Ahly,2000,5,5,480,5.3,0,0,0,0,0,0,1,0,0.00,0.00,0.00,0.00,0.00,Matches,0cb1d2ba,867,GK,26,2000,5.3,1,0,0,0,5,0,0,0,0,,,0,Matches,0cb1d2ba,0.0,1.0,Starter
868,Eldor Shomurodov,FW,uz Uzbekistan,30,1.tr Başakşehir,1995,3,3,269,3.0,1,0,1,1,0,0,0,0,0.33,0.00,0.33,0.33,0.33,Matches,57469b2d,868,FW,30,1995,3.0,0,0,0,8,4,1,1,0,4,,,0,Matches,57469b2d,2.6666666666666665,1.0,Starter
869,Otabek Shukurov,MF,uz Uzbekistan,29,1.ae Baniyas FC,1996,3,3,237,2.6,0,0,0,0,0,0,0,0,0.00,0.00,0.00,0.00,0.00,Matches,62032a56,869,MF,29,1996,2.6,0,0,0,2,5,0,1,0,2,,,0,Matches,62032a56,0.7692307692307692,1.0,Starter
870,Nkosinathi Sibisi,DF,za South Africa,30,1.za Orlando Pirates,1995,1,1,90,1.0,0,0,0,0,0,0,1,0,0.00,0.00,0.00,0.00,0.00,Matches,932f8e2b,870,DF,30,1995,1.0,1,0,0,1,0,0,0,1,0,,,0,Matches,932f8e2b,1.0,1.0,Starter
871,Kwasi Sibo,MF,gh Ghana,27,1.es Oviedo,1998,4,3,248,2.8,0,0,0,0,0,0,0,0,0.00,0.00,0.00,0.00,0.00,Matches,be834ad7,871,MF,27,1998,2.8,0,0,0,7,1,0,0,2,0,,,0,Matches,be834ad7,2.5,0.75,Starter
872,Niko Sigur,MF,ca Canada,22,1.hr Hajduk Split,2003,3,1,126,1.4,0,0,0,0,0,0,1,0,0.00,0.00,0.00,0.00,0.00,Matches,5c56986b,872,MF,22,2003,1.4,1,0,0,5,1,0,5,0,1,,,0,Matches,5c56986b,3.5714285714285716,0.3333333333333333,Non-Starter
873,Bernardo Silva,MF,pt Portugal,31,1.eng Manchester City,1994,4,1,97,1.1,0,0,0,0,0,0,2,0,0.00,0.00,0.00,0.00,0.00,Matches,3eb22ec9,873,MF,31,1994,1.1,2,0,0,3,0,0,0,1,0,,,0,Matches,3eb22ec9,2.727272727272727,0.25,Non-Starter
875,Giuliano Simeone,FW,ar Argentina,23,1.es Atlético Madrid,2002,3,2,192,2.1,0,0,0,0,0,0,0,0,0.00,0.00,0.00,0.00,0.00,Matches,a6536561,875,FW,23,2002,2.1,0,0,0,9,1,1,2,1,3,,,0,Matches,a6536561,4.285714285714286,0.6666666666666666,Starter
877,Unai Simón,GK,es Spain,29,1.es Athletic Club,1997,8,8,750,8.3,0,0,0,0,0,0,0,0,0.00,0.00,0.00,0.00,0.00,Matches,5dcf3e90,877,GK,29,1997,8.3,0,0,0,0,3,0,0,0,0,,,0,Matches,5dcf3e90,0.0,1.0,Starter
878,Sarpreet Singh,MF,nz New Zealand,27,1.au Wellington,1999,3,3,209,2.3,0,0,0,0,0,0,1,0,0.00,0.00,0.00,0.00,0.00,Matches,4ba886c6,878,MF,27,1999,2.3,1,0,0,2,2,0,7,0,1,,,0,Matches,4ba886c6,0.8695652173913044,1.0,Starter
879,Wilfried Singo,DF,ci Côte d'Ivoire,25,1.tr Galatasaray,2000,2,2,171,1.9,0,1,1,0,0,0,0,0,0.00,0.53,0.53,0.00,0.53,Matches,8b609c34,879,DF,25,2000,1.9,0,0,0,3,1,0,1,4,0,,,0,Matches,8b609c34,1.5789473684210527,1.0,Starter
880,Sphephelo Sithole,MF,za South Africa,27,1.pt Tondela,1999,3,3,229,2.5,0,0,0,0,0,0,0,1,0.00,0.00,0.00,0.00,0.00,Matches,33bcd4b3,880,MF,27,1999,2.5,0,1,0,5,1,0,0,5,5,,,0,Matches,33bcd4b3,2.0,1.0,Starter
881,Ellyes Skhiri,MFDF,tn Tunisia,31,1.de Frankfurt,1995,3,3,250,2.8,0,0,0,0,0,0,0,0,0.00,0.00,0.00,0.00,0.00,Matches,c2211709,881,MFDF,31,1995,2.8,0,0,0,0,1,0,0,2,1,,,1,Matches,c2211709,0.0,1.0,Starter
882,Alexandr Sojka,MFDF,cz Czechia,23,1.cz Viktoria Plzeň,2003,3,2,141,1.6,0,1,1,0,0,0,0,0,0.00,0.64,0.64,0.00,0.64,Matches,765b7bfc,882,MFDF,23,2003,1.6,0,0,0,0,2,0,6,2,1,,,0,Matches,765b7bfc,0.0,0.6666666666666666,Starter
884,Tomáš Souček,MF,cz Czechia,31,1.eng West Ham,1995,3,1,137,1.5,0,0,0,0,0,0,0,0,0.00,0.00,0.00,0.00,0.00,Matches,6613c819,884,MF,31,1995,1.5,0,0,0,3,1,2,1,1,0,,,0,Matches,6613c819,2.0,0.3333333333333333,Non-Starter
885,Harry Souttar,DF,au Australia,27,2.eng Leicester City,1998,4,4,390,4.3,0,0,0,0,0,0,1,0,0.00,0.00,0.00,0.00,0.00,Matches,0a6cb1b1,885,DF,27,1998,4.3,1,0,0,8,1,0,0,4,0,,,0,Matches,0a6cb1b1,1.8604651162790697,1.0,Starter
886,Djibril Sow,MF,ch Switzerland,29,1.es Sevilla,1997,4,2,253,2.8,0,0,0,0,0,0,0,0,0.00,0.00,0.00,0.00,0.00,Matches,4c6facae,886,MF,29,1997,2.8,0,0,0,5,4,0,3,2,1,,,0,Matches,4c6facae,1.7857142857142858,0.5,Starter
888,Djed Spence,DF,eng England,25,1.eng Tottenham,2000,8,4,404,4.5,0,0,0,0,0,0,0,0,0.00,0.00,0.00,0.00,0.00,Matches,9bc9a519,888,DF,25,2000,4.5,0,0,0,3,5,0,6,5,10,,,0,Matches,9bc9a519,0.6666666666666666,0.5,Starter
889,Marko Stamenic,MF,nz New Zealand,24,2.eng Swansea City,2002,3,3,269,3.0,0,0,0,0,0,0,1,0,0.00,0.00,0.00,0.00,0.00,Matches,690d1049,889,MF,24,2002,3.0,1,0,0,4,0,0,1,4,1,,,0,Matches,690d1049,1.3333333333333333,1.0,Starter
890,Josip Stanišić,DFMF,hr Croatia,26,1.de Bayern Munich,2000,4,4,360,4.0,0,1,1,0,0,0,0,0,0.00,0.25,0.25,0.00,0.25,Matches,7ed08d5c,890,DFMF,26,2000,4.0,0,0,0,0,4,0,7,5,2,,,0,Matches,7ed08d5c,0.0,1.0,Starter
894,John Stones,DF,eng England,32,1.eng Manchester City,1994,5,3,330,3.7,0,0,0,0,0,0,0,0,0.00,0.00,0.00,0.00,0.00,Matches,5eecec3d,894,DF,32,1994,3.7,0,0,0,1,1,0,1,0,0,,,0,Matches,5eecec3d,0.27027027027027023,0.6,Starter
895,Jørgen Strand Larsen,FW,no Norway,26,1.eng Crystal Palace,2000,2,1,105,1.2,0,0,0,0,0,1,0,0,0.00,0.00,0.00,0.00,0.00,Matches,f553b2b3,895,FW,26,2000,1.2,0,0,0,0,2,1,0,0,0,,,0,Matches,f553b2b3,0.0,0.5,Starter
896,Elliot Stroud,MF,se Sweden,23,1.se Mjällby,2002,4,2,166,1.8,0,0,0,0,0,0,0,0,0.00,0.00,0.00,0.00,0.00,Matches,ff11bdec,896,MF,23,2002,1.8,0,0,0,3,1,0,4,3,0,,,0,Matches,ff11bdec,1.6666666666666665,0.5,Starter
897,Luis Suárez,FW,co Colombia,28,1.pt Sporting CP,1997,5,3,331,3.7,0,1,1,0,0,0,1,0,0.00,0.27,0.27,0.00,0.27,Matches,eeba07f8,897,FW,28,1997,3.7,1,0,0,7,8,1,2,0,4,,,0,Matches,eeba07f8,1.8918918918918919,0.6,Starter
899,Petar Sučić,MFFW,hr Croatia,22,1.it Inter,2003,4,3,289,3.2,1,1,2,1,0,0,1,0,0.31,0.31,0.62,0.31,0.62,Matches,23fb46ea,899,MFFW,22,2003,3.2,1,0,0,7,6,1,4,1,2,,,0,Matches,23fb46ea,2.1875,0.75,Starter
900,Yukinari Sugawara,MF,jp Japan,25,1.de Werder Bremen,2000,4,1,148,1.6,0,0,0,0,0,0,0,0,0.00,0.00,0.00,0.00,0.00,Matches,580bcd18,900,MF,25,2000,1.6,0,0,0,3,1,0,4,0,3,,,0,Matches,580bcd18,1.875,0.25,Non-Starter
902,Pavel Šulc,FW,cz Czechia,25,1.fr Lyon,2000,3,2,189,2.1,0,0,0,0,0,0,0,0,0.00,0.00,0.00,0.00,0.00,Matches,e9b893af,902,FW,25,2000,2.1,0,0,0,2,1,1,1,0,2,,,0,Matches,e9b893af,0.9523809523809523,0.6666666666666666,Starter
903,Kamaldeen Sulemana,MFFW,gh Ghana,24,1.us Atlanta Utd,2002,2,2,127,1.4,0,0,0,0,0,0,0,0,0.00,0.00,0.00,0.00,0.00,Matches,a62f8bf1,903,MFFW,24,2002,1.4,0,0,0,2,1,1,4,1,2,,,0,Matches,a62f8bf1,1.4285714285714286,1.0,Starter
904,Crysencio Summerville,FW,nl Netherlands,24,1.eng West Ham,2001,4,2,253,2.8,2,2,4,2,0,0,1,0,0.71,0.71,1.42,0.71,1.42,Matches,df04eb4b,904,FW,24,2001,2.8,1,0,0,2,5,1,7,2,2,,,0,Matches,df04eb4b,0.7142857142857143,0.5,Starter
905,Ivan Šunjić,MF,ba Bosnia–Herz,29,1.cy Pafos FC,1996,4,3,196,2.2,0,0,0,0,0,0,0,0,0.00,0.00,0.00,0.00,0.00,Matches,e18098de,905,MF,29,1996,2.2,0,0,0,7,0,0,1,0,3,,,0,Matches,e18098de,3.1818181818181817,0.75,Starter
906,Finn Surman,DF,nz New Zealand,22,1.us Portland Timbers,2003,3,3,270,3.0,1,0,1,1,0,0,0,0,0.33,0.00,0.33,0.33,0.33,Matches,016e419b,906,DF,22,2003,3.0,0,0,0,4,2,0,0,4,1,,,0,Matches,016e419b,1.3333333333333333,1.0,Starter
907,Josip Šutalo,DF,hr Croatia,26,1.nl Ajax,2000,4,4,360,4.0,0,0,0,0,0,0,0,0,0.00,0.00,0.00,0.00,0.00,Matches,33a6a650,907,DF,26,2000,4.0,0,0,0,2,1,0,0,6,4,,,0,Matches,33a6a650,0.5,1.0,Starter
910,Zion Suzuki,GK,jp Japan,23,1.it Parma,2002,4,4,360,4.0,0,0,0,0,0,0,0,0,0.00,0.00,0.00,0.00,0.00,Matches,51e1f4f5,910,GK,23,2002,4.0,0,0,0,0,1,0,0,0,0,,,0,Matches,51e1f4f5,0.0,1.0,Starter
912,Daniel Svensson,DF,se Sweden,24,1.de Dortmund,2002,3,1,98,1.1,0,0,0,0,0,0,0,0,0.00,0.00,0.00,0.00,0.00,Matches,124c9382,912,DF,24,2002,1.1,0,0,0,0,0,1,2,1,2,,,0,Matches,124c9382,0.0,0.3333333333333333,Non-Starter
913,Alexander Sørloth,FW,no Norway,30,1.es Atlético Madrid,1995,5,5,337,3.7,0,0,0,0,0,0,0,0,0.00,0.00,0.00,0.00,0.00,Matches,e92cd3f7,913,FW,30,1995,3.7,0,0,0,6,2,2,5,0,1,,,0,Matches,e92cd3f7,1.6216216216216215,1.0,Starter
914,Musa Al-Taamari,FW,jo Jordan,29,1.fr Rennes,1997,3,2,215,2.4,1,1,2,1,0,0,0,0,0.42,0.42,0.84,0.42,0.84,Matches,f15f8b2b,914,FW,29,1997,2.4,0,0,0,2,3,1,0,0,0,,,0,Matches,f15f8b2b,0.8333333333333334,0.6666666666666666,Starter
916,Lee Tae-seok,MF,kr Korea Republic,23,1.at Austria Wien,2002,2,2,113,1.3,0,0,0,0,0,0,0,0,0.00,0.00,0.00,0.00,0.00,Matches,32257cce,916,MF,23,2002,1.3,0,0,0,3,1,0,8,0,3,,,0,Matches,32257cce,2.3076923076923075,1.0,Starter
917,Nicolás Tagliafico,DF,ar Argentina,33,1.fr Lyon,1992,7,5,476,5.3,0,0,0,0,0,0,0,0,0.00,0.00,0.00,0.00,0.00,Matches,f0661424,917,DF,33,1992,5.3,0,0,0,9,16,2,2,6,4,,,0,Matches,f0661424,1.6981132075471699,0.7142857142857143,Starter
918,Jonathan Tah,DF,de Germany,30,1.de Bayern Munich,1996,4,4,372,4.1,0,0,0,0,0,0,0,0,0.00,0.00,0.00,0.00,0.00,Matches,bd142efb,918,DF,30,1996,4.1,0,0,0,5,1,0,1,1,3,,,0,Matches,bd142efb,1.2195121951219514,1.0,Starter
919,Benjamin Tahirovic,MF,ba Bosnia–Herz,23,1.dk Brøndby,2003,4,2,237,2.6,0,0,0,0,0,0,0,0,0.00,0.00,0.00,0.00,0.00,Matches,eb3022c3,919,MF,23,2003,2.6,0,0,0,3,2,0,2,4,4,,,0,Matches,eb3022c3,1.1538461538461537,0.5,Starter
920,Zaid Tahseen,DF,iq Iraq,25,1.uz Pakhtakor Tashkent FK,2001,2,2,149,1.7,0,0,0,0,0,0,1,0,0.00,0.00,0.00,0.00,0.00,Matches,f3380f7e,920,DF,25,2001,1.7,1,0,0,3,2,0,0,0,1,,,0,Matches,f3380f7e,1.7647058823529411,1.0,Starter
921,Chemsdine Talbi,MF,ma Morocco,21,1.eng Sunderland,2005,5,1,179,2.0,0,1,1,0,0,0,0,0,0.00,0.50,0.50,0.00,0.50,Matches,47ce793b,921,MF,21,2005,2.0,0,0,0,0,1,0,9,2,2,,,0,Matches,47ce793b,0.0,0.2,Non-Starter
922,Montassar Talbi,DF,tn Tunisia,28,1.fr Lorient,1998,3,3,270,3.0,0,0,0,0,0,0,0,0,0.00,0.00,0.00,0.00,0.00,Matches,a4a44eb0,922,DF,28,1998,3.0,0,0,0,1,1,0,0,5,2,,,0,Matches,a4a44eb0,0.3333333333333333,1.0,Starter
923,Hassan Al Tambakti,DF,sa Saudi Arabia,27,1.sa Al-Hilal,1999,3,3,212,2.4,0,0,0,0,0,0,0,0,0.00,0.00,0.00,0.00,0.00,Matches,6d78c320,923,DF,27,1999,2.4,0,0,0,0,1,0,0,3,3,,,1,Matches,6d78c320,0.0,1.0,Starter
924,Ao Tanaka,MF,jp Japan,27,1.eng Leeds United,1998,3,2,193,2.1,0,0,0,0,0,0,0,0,0.00,0.00,0.00,0.00,0.00,Matches,1d36d6b6,924,MF,27,1998,2.1,0,0,0,6,2,0,0,1,6,,,0,Matches,1d36d6b6,2.857142857142857,0.6666666666666666,Starter
925,Shogo Taniguchi,DF,jp Japan,34,1.be Sint-Truiden,1991,3,2,232,2.6,0,0,0,0,0,0,1,0,0.00,0.00,0.00,0.00,0.00,Matches,828a9c47,925,DF,34,1991,2.6,1,0,0,2,1,0,0,1,0,,,0,Matches,828a9c47,0.7692307692307692,0.6666666666666666,Starter
926,Mehdi Taremi,FW,ir IR Iran,33,1.gr Olympiacos,1992,3,3,259,2.9,0,0,0,0,0,1,0,0,0.00,0.00,0.00,0.00,0.00,Matches,4c2a5d34,926,FW,33,1992,2.9,0,0,0,3,5,2,1,2,2,,,0,Matches,4c2a5d34,1.0344827586206897,1.0,Starter
927,Aurélien Tchouaméni,MF,fr France,26,1.es Real Madrid,2000,4,4,360,4.0,0,1,1,0,0,0,1,0,0.00,0.25,0.25,0.00,0.25,Matches,4f255115,927,MF,26,2000,4.0,1,0,0,4,3,0,2,6,14,,,0,Matches,4f255115,1.0,1.0,Starter
928,Arthur Theate,DF,be Belgium,26,1.de Frankfurt,2000,3,2,228,2.5,0,0,0,0,0,0,0,0,0.00,0.00,0.00,0.00,0.00,Matches,df8d6029,928,DF,26,2000,2.5,0,0,0,1,0,0,0,3,0,,,0,Matches,df8d6029,0.4,0.6666666666666666,Starter
936,Youri Tielemans,MF,be Belgium,29,1.eng Aston Villa,1997,5,5,474,5.3,2,0,2,1,1,1,0,0,0.38,0.00,0.38,0.19,0.19,Matches,56f7a928,936,MF,29,1997,5.3,0,0,0,7,10,1,15,2,6,,,0,Matches,56f7a928,1.3207547169811322,1.0,Starter
937,Kieran Tierney,MF,sct Scotland,29,1.sct Celtic,1997,2,1,104,1.2,0,0,0,0,0,0,0,0,0.00,0.00,0.00,0.00,0.00,Matches,fce2302c,937,MF,29,1997,1.2,0,0,0,3,2,0,7,2,1,,,0,Matches,fce2302c,2.5,0.5,Starter
939,Malik Tillman,MF,us USA,24,1.de Leverkusen,2002,5,4,356,4.0,2,1,3,2,0,0,1,0,0.51,0.25,0.76,0.51,0.76,Matches,a5420709,939,MF,24,2002,4.0,1,0,0,3,13,0,14,5,7,,,0,Matches,a5420709,0.75,0.8,Starter
941,Takehiro Tomiyasu,DF,jp Japan,27,1.nl Ajax,1998,3,2,184,2.0,0,0,0,0,0,0,0,0,0.00,0.00,0.00,0.00,0.00,Matches,b3af9be1,941,DF,27,1998,2.0,0,0,0,5,2,0,2,2,1,,,0,Matches,b3af9be1,2.5,0.6666666666666666,Starter
945,Ferran Torres,FW,es Spain,26,1.es Barcelona,2000,8,1,288,3.2,1,1,2,1,0,0,1,0,0.31,0.31,0.62,0.31,0.62,Matches,9e1035f8,945,FW,26,2000,3.2,1,0,0,6,4,3,4,0,0,,,0,Matches,9e1035f8,1.875,0.125,Non-Starter
948,Mo Touré,FW,au Australia,22,2.eng Norwich City,2004,3,2,165,1.8,0,0,0,0,0,0,0,0,0.00,0.00,0.00,0.00,0.00,Matches,8ac64b4e,948,FW,22,2004,1.8,0,0,0,4,2,1,1,0,1,,,0,Matches,8ac64b4e,2.2222222222222223,0.6666666666666666,Starter
950,Trézéguet,MF,eg Egypt,31,1.eg Al Ahly,1994,4,1,164,1.8,1,1,2,1,0,0,0,0,0.55,0.55,1.10,0.55,1.10,Matches,3ae14ed1,950,MF,31,1994,1.8,0,0,0,3,2,0,2,1,0,,,0,Matches,3ae14ed1,1.6666666666666665,0.25,Non-Starter
952,Leandro Trossard,MFFW,be Belgium,31,1.eng Arsenal,1994,6,6,506,5.6,2,2,4,2,0,0,0,0,0.36,0.36,0.71,0.36,0.71,Matches,38ceb24a,952,MFFW,31,1994,5.6,0,0,0,4,8,1,7,4,1,,,0,Matches,38ceb24a,0.7142857142857143,1.0,Starter
953,Auston Trusty,DF,us USA,27,1.sct Celtic,1998,2,1,101,1.1,1,0,1,1,0,0,0,0,0.89,0.00,0.89,0.89,0.89,Matches,cddf767b,953,DF,27,1998,1.1,0,0,0,2,0,0,2,4,1,,,0,Matches,cddf767b,1.8181818181818181,0.5,Starter
954,Axel Tuanzebe,DF,cd Congo DR,28,1.eng Burnley,1997,4,4,360,4.0,0,0,0,0,0,0,0,0,0.00,0.00,0.00,0.00,0.00,Matches,2baec6ce,954,DF,28,1997,4.0,0,0,0,3,3,0,0,1,2,,,0,Matches,2baec6ce,0.75,1.0,Starter
955,Matt Turner,GK,us USA,31,1.us NE Revolution,1994,1,1,90,1.0,0,0,0,0,0,0,0,0,0.00,0.00,0.00,0.00,0.00,Matches,4a51ba65,955,GK,31,1994,1.0,0,0,0,0,0,0,0,0,0,,,0,Matches,4a51ba65,0.0,1.0,Starter
956,Ayase Ueda,FW,jp Japan,27,1.nl Feyenoord,1998,4,4,321,3.6,2,1,3,2,0,0,0,0,0.56,0.28,0.84,0.56,0.84,Matches,c0295327,956,FW,27,1998,3.6,0,0,0,6,4,1,0,0,1,,,0,Matches,c0295327,1.6666666666666665,1.0,Starter
957,Manuel Ugarte,MF,uy Uruguay,25,1.eng Manchester Utd,2001,3,3,184,2.0,0,0,0,0,0,0,0,0,0.00,0.00,0.00,0.00,0.00,Matches,c9817014,957,MF,25,2001,2.0,0,0,0,1,0,0,0,3,1,,,0,Matches,c9817014,0.5,1.0,Starter
958,Deniz Undav,FW,de Germany,29,1.de Stuttgart,1996,4,1,151,1.7,3,2,5,3,0,0,0,0,1.79,1.19,2.98,1.79,2.98,Matches,dd549382,958,FW,29,1996,1.7,0,0,0,3,0,0,1,0,0,,,0,Matches,dd549382,1.7647058823529411,0.25,Non-Starter
959,Dayot Upamecano,DF,fr France,27,1.de Bayern Munich,1998,8,7,660,7.3,0,1,1,0,0,0,0,0,0.00,0.14,0.14,0.00,0.14,Matches,d248cd8f,959,DF,27,1998,7.3,0,0,0,7,4,0,0,15,12,,,0,Matches,d248cd8f,0.9589041095890412,0.875,Starter
960,Jakhongir Urozov,DF,uz Uzbekistan,22,1.uz FK Dinamo Samarqand,2004,2,1,95,1.1,0,0,0,0,0,0,0,0,0.00,0.00,0.00,0.00,0.00,Matches,71210bed,960,DF,22,2004,1.1,0,0,0,0,0,0,0,1,0,,,0,Matches,71210bed,0.0,0.5,Starter
963,Enner Valencia,FW,ec Ecuador,36,1.mx Pachuca,1989,4,4,287,3.2,0,0,0,0,0,0,0,0,0.00,0.00,0.00,0.00,0.00,Matches,fb485406,963,FW,36,1989,3.2,0,0,0,4,7,2,1,0,1,,,0,Matches,fb485406,1.25,1.0,Starter
964,Yan Valery,DF,tn Tunisia,27,1.ch Young Boys,1999,3,3,251,2.8,0,0,0,0,0,0,0,0,0.00,0.00,0.00,0.00,0.00,Matches,531a4aa8,964,DF,27,1999,2.8,0,0,0,4,0,1,7,4,1,,,0,Matches,531a4aa8,1.4285714285714286,1.0,Starter
965,Federico Valverde,MF,uy Uruguay,27,1.es Real Madrid,1998,3,3,236,2.6,0,0,0,0,0,0,0,0,0.00,0.00,0.00,0.00,0.00,Matches,0959c2a2,965,MF,27,1998,2.6,0,0,0,1,0,0,11,3,2,,,0,Matches,0959c2a2,0.3846153846153846,1.0,Starter
966,Virgil van Dijk,DF,nl Netherlands,34,1.eng Liverpool,1991,4,4,390,4.3,1,1,2,1,0,0,0,0,0.23,0.23,0.46,0.23,0.46,Matches,e06683ca,966,DF,34,1991,4.3,0,0,0,2,2,0,0,3,1,,,0,Matches,e06683ca,0.46511627906976744,1.0,Starter
967,Hans Vanaken,MF,be Belgium,33,1.be Club Brugge,1992,6,3,319,3.5,1,2,3,1,0,0,0,0,0.28,0.56,0.85,0.28,0.85,Matches,392a7aea,967,MF,33,1992,3.5,0,0,0,0,6,0,2,1,1,,,0,Matches,392a7aea,0.0,0.5,Starter
968,Guillermo Varela,DF,uy Uruguay,33,1.br Flamengo,1993,3,3,270,3.0,0,0,0,0,0,0,1,0,0.00,0.00,0.00,0.00,0.00,Matches,5c961282,968,DF,33,1993,3.0,1,0,0,1,1,0,9,7,1,,,0,Matches,5c961282,0.3333333333333333,1.0,Starter
969,Hélio Varela,FW,cv Cabo Verde,24,1.il Maccabi Tel Aviv,2002,3,0,104,1.2,1,0,1,1,0,0,0,0,0.87,0.00,0.87,0.87,0.87,Matches,91c99fec,969,FW,24,2002,1.2,0,0,0,1,2,1,1,0,0,,,0,Matches,91c99fec,0.8333333333333334,0.0,Non-Starter
970,Camilo Vargas,GK,co Colombia,37,1.mx Atlas,1989,5,5,480,5.3,0,0,0,0,0,0,0,0,0.00,0.00,0.00,0.00,0.00,Matches,004e3d0f,970,GK,37,1989,5.3,0,0,0,0,0,0,0,0,0,,,0,Matches,004e3d0f,0.0,1.0,Starter
972,Ruben Vargas,MF,ch Switzerland,27,1.es Sevilla,1998,6,3,284,3.2,2,1,3,2,0,0,0,0,0.63,0.32,0.95,0.63,0.95,Matches,6ecbddf6,972,MF,27,1998,3.2,0,0,0,6,6,2,23,2,2,,,0,Matches,6ecbddf6,1.875,0.5,Starter
973,Nikola Vasilj,GK,ba Bosnia–Herz,30,1.de St Pauli,1995,4,4,360,4.0,0,0,0,0,0,0,0,0,0.00,0.00,0.00,0.00,0.00,Matches,f038585f,973,GK,30,1995,4.0,0,0,0,0,0,0,0,0,0,,,0,Matches,f038585f,0.0,1.0,Starter
974,Johan Vásquez,DF,mx Mexico,27,1.it Genoa,1998,4,4,360,4.0,0,0,0,0,0,0,1,0,0.00,0.00,0.00,0.00,0.00,Matches,5eaed77a,974,DF,27,1998,4.0,1,0,0,0,2,0,1,2,1,,,0,Matches,5eaed77a,0.0,1.0,Starter
976,Renato Veiga,DF,pt Portugal,22,1.es Villarreal,2003,5,5,450,5.0,0,0,0,0,0,0,2,0,0.00,0.00,0.00,0.00,0.00,Matches,fc8fcbd1,976,DF,22,2003,5.0,2,0,0,5,3,0,0,6,1,,,0,Matches,fc8fcbd1,1.0,1.0,Starter
977,Gustavo Velásquez,DF,py Paraguay,35,1.py Cerro Porteño,1991,5,2,246,2.7,0,0,0,0,0,0,0,0,0.00,0.00,0.00,0.00,0.00,Matches,b99b4cf5,977,DF,35,1991,2.7,0,0,0,2,0,0,3,1,1,,,0,Matches,b99b4cf5,0.7407407407407407,0.4,Non-Starter
979,Micky van de Ven,DFMF,nl Netherlands,25,1.eng Tottenham,2001,3,3,265,2.9,0,0,0,0,0,0,1,0,0.00,0.00,0.00,0.00,0.00,Matches,8fe2a392,979,DFMF,25,2001,2.9,1,0,0,5,1,0,2,2,3,,,0,Matches,8fe2a392,1.7241379310344829,1.0,Starter
980,Bart Verbruggen,GK,nl Netherlands,23,1.eng Brighton,2002,4,4,390,4.3,0,0,0,0,0,0,0,0,0.00,0.00,0.00,0.00,0.00,Matches,cf134113,980,GK,23,2002,4.3,0,0,0,0,0,0,0,0,0,,,0,Matches,cf134113,0.0,1.0,Starter
982,Federico Viñas,FW,uy Uruguay,27,1.es Oviedo,1998,3,2,192,2.1,0,0,0,0,0,0,0,0,0.00,0.00,0.00,0.00,0.00,Matches,d30c7094,982,FW,27,1998,2.1,0,0,0,3,3,3,0,1,2,,,0,Matches,d30c7094,1.4285714285714286,0.6666666666666666,Starter
984,Pedro Vite,MF,ec Ecuador,24,1.mx UNAM,2002,4,4,360,4.0,0,1,1,0,0,0,0,0,0.00,0.25,0.25,0.00,0.25,Matches,9c146b36,984,MF,24,2002,4.0,0,0,0,2,5,0,6,5,11,,,0,Matches,9c146b36,0.5,1.0,Starter
985,Vitinha,MF,pt Portugal,26,1.fr PSG,2000,5,5,376,4.2,0,0,0,0,0,0,0,0,0.00,0.00,0.00,0.00,0.00,Matches,3b029691,985,MF,26,2000,4.2,0,0,0,4,5,0,1,2,0,,,0,Matches,3b029691,0.9523809523809523,1.0,Starter
986,Nikola Vlašić,MF,hr Croatia,28,1.it Torino,1997,3,2,189,2.1,1,0,1,1,0,0,0,0,0.48,0.00,0.48,0.48,0.48,Matches,aa8e289e,986,MF,28,1997,2.1,0,0,0,5,0,2,3,1,2,,,0,Matches,aa8e289e,2.380952380952381,0.6666666666666666,Starter
987,Cristian Volpato,MF,au Australia,22,1.it Sassuolo,2003,3,2,160,1.8,0,0,0,0,0,0,0,0,0.00,0.00,0.00,0.00,0.00,Matches,72f87f25,987,MF,22,2003,1.8,0,0,0,1,2,0,11,0,1,,,0,Matches,72f87f25,0.5555555555555556,0.6666666666666666,Starter
988,Vozinha,GK,cv Cabo Verde,40,2.pt Chaves,1986,4,4,390,4.3,0,0,0,0,0,0,0,0,0.00,0.00,0.00,0.00,0.00,Matches,dc04ac24,988,GK,40,1986,4.3,0,0,0,0,3,0,0,0,0,,,0,Matches,dc04ac24,0.0,1.0,Starter
991,Elye Wahi,FW,ci Côte d'Ivoire,23,1.fr Nice,2003,3,1,110,1.2,0,0,0,0,0,0,0,0,0.00,0.00,0.00,0.00,0.00,Matches,0d7b6576,991,FW,23,2003,1.2,0,0,0,0,0,0,0,0,1,,,0,Matches,0d7b6576,0.0,0.3333333333333333,Non-Starter
992,Aaron Wan-Bissaka,DF,cd Congo DR,28,1.eng West Ham,1997,4,4,354,3.9,0,0,0,0,0,0,0,0,0.00,0.00,0.00,0.00,0.00,Matches,9e525177,992,DF,28,1997,3.9,0,0,0,1,1,1,6,7,4,,,0,Matches,9e525177,0.25641025641025644,1.0,Starter
993,Paul Wanner,MF,at Austria,20,1.nl PSV,2005,4,2,234,2.6,0,0,0,0,0,0,0,0,0.00,0.00,0.00,0.00,0.00,Matches,cb64672e,993,MF,20,2005,2.6,0,0,0,4,2,0,1,2,1,,,0,Matches,cb64672e,1.5384615384615383,0.5,Starter
994,Tsuyoshi Watanabe,DF,jp Japan,29,1.nl Feyenoord,1997,2,1,90,1.0,0,0,0,0,0,0,0,0,0.00,0.00,0.00,0.00,0.00,Matches,d5f5955a,994,DF,29,1997,1.0,0,0,0,0,1,0,1,0,2,,,0,Matches,d5f5955a,0.0,0.5,Starter
999,Jacob Widell Zetterström,GK,se Sweden,27,2.eng Derby County,1998,2,2,180,2.0,0,0,0,0,0,0,0,0,0.00,0.00,0.00,0.00,0.00,Matches,ac5120d8,999,GK,27,1998,2.0,0,0,0,0,0,0,0,0,0,,,0,Matches,ac5120d8,0.0,1.0,Starter
1000,Silvan Widmer,DF,ch Switzerland,33,1.de Mainz 05,1993,5,1,175,1.9,0,0,0,0,0,0,0,0,0.00,0.00,0.00,0.00,0.00,Matches,f68b64fc,1000,DF,33,1993,1.9,0,0,0,2,0,0,4,1,4,,,0,Matches,f68b64fc,1.0526315789473684,0.2,Non-Starter
1001,Iñaki Williams,MFFW,gh Ghana,31,1.es Athletic Club,1994,2,2,126,1.4,0,0,0,0,0,0,1,0,0.00,0.00,0.00,0.00,0.00,Matches,6a99e0b1,1001,MFFW,31,1994,1.4,1,0,0,2,1,1,4,1,0,,,0,Matches,6a99e0b1,1.4285714285714286,1.0,Starter
1002,Nico Williams,MF,es Spain,23,1.es Athletic Club,2002,6,0,113,1.3,0,1,1,0,0,0,0,0,0.00,0.80,0.80,0.00,0.80,Matches,afdc14d7,1002,MF,23,2002,1.3,0,0,0,2,1,1,9,1,1,,,0,Matches,afdc14d7,1.5384615384615383,0.0,Non-Starter
1003,Ronwen Williams,GK,za South Africa,34,1.za Sundowns,1992,4,4,360,4.0,0,0,0,0,0,0,0,0,0.00,0.00,0.00,0.00,0.00,Matches,a66cc153,1003,GK,34,1992,4.0,0,0,0,0,0,0,0,1,0,,,0,Matches,a66cc153,0.0,1.0,Starter
1005,Florian Wirtz,MF,de Germany,23,1.eng Liverpool,2003,4,4,361,4.0,0,3,3,0,0,0,0,0,0.00,0.75,0.75,0.00,0.75,Matches,e7fcf289,1005,MF,23,2003,4.0,0,0,0,1,3,1,13,2,6,,,0,Matches,e7fcf289,0.25,1.0,Starter
1006,Yoane Wissa,FW,cd Congo DR,29,1.eng Newcastle,1996,4,4,360,4.0,3,0,3,2,1,1,0,0,0.75,0.00,0.75,0.50,0.50,Matches,2500cef9,1006,FW,29,1996,4.0,0,0,0,5,9,1,0,0,1,,,0,Matches,2500cef9,1.25,1.0,Starter
1009,Chris Wood,FW,nz New Zealand,34,1.eng Nottingham,1991,3,3,270,3.0,0,2,2,0,0,0,0,0,0.00,0.67,0.67,0.00,0.67,Matches,4e9a0555,1009,FW,34,1991,3.0,0,0,0,2,1,4,0,0,1,,,0,Matches,4e9a0555,0.6666666666666666,1.0,Starter
1011,Granit Xhaka,MF,ch Switzerland,33,1.eng Sunderland,1992,6,6,600,6.7,1,0,1,0,1,1,2,0,0.15,0.00,0.15,0.00,0.00,Matches,e61b8aee,1011,MF,33,1992,6.7,2,0,0,4,12,0,4,4,4,,,0,Matches,e61b8aee,0.5970149253731343,1.0,Starter
1013,Lamine Yamal,MFFW,es Spain,18,1.es Barcelona,2007,8,7,614,6.8,1,0,1,1,0,0,0,0,0.15,0.00,0.15,0.15,0.15,Matches,82ec26c1,1013,MFFW,18,2007,6.8,0,0,0,14,9,7,34,2,9,,,0,Matches,82ec26c1,2.058823529411765,0.875,Starter
1016,John Yeboah,MF,ec Ecuador,25,2.it Venezia,2000,4,4,311,3.5,0,0,0,0,0,0,0,0,0.00,0.00,0.00,0.00,0.00,Matches,8dfdc6c3,1016,MF,25,2000,3.5,0,0,0,0,4,0,11,3,3,,,0,Matches,8dfdc6c3,0.0,1.0,Starter
1018,Kenan Yıldız,MF,tr Türkiye,21,1.it Juventus,2005,3,2,218,2.4,0,0,0,0,0,0,0,0,0.00,0.00,0.00,0.00,0.00,Matches,d8cda243,1018,MF,21,2005,2.4,0,0,0,2,4,0,6,1,2,,,0,Matches,d8cda243,0.8333333333333334,0.6666666666666666,Starter
1019,Caleb Yirenkyi,MF,gh Ghana,20,1.dk Nordsjælland,2006,4,3,264,2.9,1,0,1,1,0,0,2,0,0.34,0.00,0.34,0.34,0.34,Matches,d40ce7b0,1019,MF,20,2006,2.9,2,0,0,7,3,0,1,3,1,,,0,Matches,d40ce7b0,2.413793103448276,0.75,Starter
1020,Seol Young-woo,MF,kr Korea Republic,27,1.rs Red Star,1998,3,3,250,2.8,0,0,0,0,0,0,0,0,0.00,0.00,0.00,0.00,0.00,Matches,8e577e1d,1020,MF,27,1998,2.8,0,0,0,1,2,4,9,1,0,,,0,Matches,8e577e1d,0.35714285714285715,1.0,Starter
1024,İsmail Yüksek,MF,tr Türkiye,27,1.tr Fenerbahçe,1999,2,2,139,1.5,0,0,0,0,0,0,0,0,0.00,0.00,0.00,0.00,0.00,Matches,6c5af908,1024,MF,27,1999,1.5,0,0,0,2,0,0,0,2,5,,,0,Matches,6c5af908,1.3333333333333333,1.0,Starter
1025,Utkir Yusupov,GK,uz Uzbekistan,35,1.uz Navbahor,1991,1,1,90,1.0,0,0,0,0,0,0,0,0,0.00,0.00,0.00,0.00,0.00,Matches,31caffaf,1025,GK,35,1991,1.0,0,0,0,0,1,0,0,0,0,,,0,Matches,31caffaf,0.0,1.0,Starter
1026,Warren Zaïre-Emery,MF,fr France,20,1.fr PSG,2006,2,1,110,1.2,0,0,0,0,0,0,0,0,0.00,0.00,0.00,0.00,0.00,Matches,6b9960cf,1026,MF,20,2006,1.2,0,0,0,1,0,0,1,1,0,,,0,Matches,6b9960cf,0.8333333333333334,0.5,Starter
1027,Denis Zakaria,DF,ch Switzerland,29,1.fr Monaco,1996,4,4,357,4.0,0,0,0,0,0,0,2,0,0.00,0.00,0.00,0.00,0.00,Matches,384d58d9,1027,DF,29,1996,4.0,2,0,0,4,0,1,13,9,5,,,0,Matches,384d58d9,1.0,1.0,Starter
1028,Jaroslav Zelený,MF,cz Czechia,33,1.cz Sparta Prague,1992,2,1,126,1.4,0,0,0,0,0,0,0,0,0.00,0.00,0.00,0.00,0.00,Matches,bc647827,1028,MF,33,1992,1.4,0,0,0,0,2,0,4,0,0,,,0,Matches,bc647827,0.0,0.5,Starter
1031,Ramiz Zerrouki,MF,dz Algeria,28,1.nl Twente,1998,3,2,111,1.2,0,0,0,0,0,0,1,0,0.00,0.00,0.00,0.00,0.00,Matches,c762b1a6,1031,MF,28,1998,1.2,1,0,0,4,0,0,0,2,1,,,0,Matches,c762b1a6,3.3333333333333335,0.6666666666666666,Starter
1032,Luca Zidane,GK,dz Algeria,28,2.es Granada,1998,3,3,270,3.0,0,0,0,0,0,0,0,0,0.00,0.00,0.00,0.00,0.00,Matches,c818c4d9,1032,GK,28,1998,3.0,0,0,0,0,0,0,0,0,0,,,0,Matches,c818c4d9,0.0,1.0,Starter
1033,Mostafa Ziko,FWMF,eg Egypt,29,1.eg Pyramids FC,1997,5,5,370,4.1,2,1,3,2,0,0,0,0,0.49,0.24,0.73,0.49,0.73,Matches,68ff8437,1033,FWMF,29,1997,4.1,0,0,0,6,5,2,2,2,4,,,0,Matches,68ff8437,1.4634146341463417,1.0,Starter
1038,Martin Ødegaard,MF,no Norway,27,1.eng Arsenal,1998,5,5,470,5.2,0,4,4,0,0,0,0,0,0.00,0.77,0.77,0.00,0.77,Matches,79300479,1038,MF,27,1998,5.2,0,0,0,3,4,0,15,3,4,,,0,Matches,79300479,0.5769230769230769,1.0,Starter
1039,Leo Østigård,DF,no Norway,26,1.it Genoa,1999,5,1,146,1.6,1,0,1,1,0,0,0,0,0.62,0.00,0.62,0.62,0.62,Matches,b35a7399,1039,DF,26,1999,1.6,0,0,0,2,2,0,0,1,3,,,0,Matches,b35a7399,1.25,0.2,Non-Starter
